user_id,has_jan_dhan_account,aadhaar_linked,kyc_status,govt_subsidy_received
user_1,FALSE,TRUE,Pending,FALSE
user_2,TRUE,FALSE,Failed,TRUE
user_3,TRUE,TRUE,Completed,FALSE
user_4,TRUE,FALSE,Pending,TRUE
user_5,FALSE,TRUE,Pending,FALSE
user_6,TRUE,TRUE,Completed,FALSE
user_7,TRUE,TRUE,Failed,FALSE
user_8,FALSE,TRUE,Failed,FALSE
user_9,FALSE,FALSE,Failed,FALSE
user_10,TRUE,TRUE,Failed,FALSE
user_11,FALSE,FALSE,Failed,FALSE
user_12,FALSE,FALSE,Pending,TRUE
user_13,TRUE,FALSE,Pending,TRUE
user_14,TRUE,TRUE,Completed,FALSE
user_15,FALSE,FALSE,Failed,FALSE
user_16,FALSE,TRUE,Failed,TRUE
user_17,TRUE,TRUE,Failed,TRUE
user_18,TRUE,TRUE,Completed,TRUE
user_19,TRUE,FALSE,Failed,FALSE
user_20,TRUE,TRUE,Pending,FALSE
user_21,TRUE,TRUE,Failed,FALSE
user_22,TRUE,TRUE,Completed,TRUE
user_23,FALSE,TRUE,Pending,TRUE
user_24,FALSE,TRUE,Pending,FALSE
user_25,TRUE,FALSE,Pending,FALSE
user_26,TRUE,TRUE,Failed,FALSE
user_27,TRUE,FALSE,Completed,TRUE
user_28,TRUE,TRUE,Completed,FALSE
user_29,FALSE,FALSE,Failed,FALSE
user_30,FALSE,TRUE,Completed,FALSE
user_31,TRUE,TRUE,Pending,FALSE
user_32,TRUE,TRUE,Pending,TRUE
user_33,TRUE,TRUE,Completed,FALSE
user_34,FALSE,FALSE,Completed,FALSE
user_35,TRUE,TRUE,Failed,FALSE
user_36,FALSE,FALSE,Failed,FALSE
user_37,FALSE,TRUE,Failed,TRUE
user_38,TRUE,TRUE,Failed,FALSE
user_39,FALSE,TRUE,Failed,FALSE
user_40,FALSE,TRUE,Failed,FALSE
user_41,FALSE,TRUE,Pending,TRUE
user_42,FALSE,TRUE,Completed,TRUE
user_43,TRUE,FALSE,Failed,TRUE
user_44,TRUE,TRUE,Pending,TRUE
user_45,FALSE,TRUE,Completed,FALSE
user_46,FALSE,TRUE,Completed,TRUE
user_47,FALSE,TRUE,Completed,FALSE
user_48,TRUE,FALSE,Failed,TRUE
user_49,FALSE,FALSE,Failed,FALSE
user_50,TRUE,TRUE,Failed,FALSE
user_51,TRUE,FALSE,Completed,FALSE
user_52,TRUE,TRUE,Completed,FALSE
user_53,TRUE,TRUE,Pending,FALSE
user_54,TRUE,TRUE,Pending,FALSE
user_55,FALSE,FALSE,Pending,FALSE
user_56,TRUE,TRUE,Pending,FALSE
user_57,TRUE,TRUE,Completed,FALSE
user_58,TRUE,TRUE,Failed,TRUE
user_59,TRUE,TRUE,Failed,FALSE
user_60,FALSE,FALSE,Failed,TRUE
user_61,TRUE,TRUE,Failed,FALSE
user_62,TRUE,TRUE,Pending,FALSE
user_63,FALSE,TRUE,Completed,FALSE
user_64,FALSE,TRUE,Failed,FALSE
user_65,FALSE,TRUE,Completed,FALSE
user_66,FALSE,TRUE,Pending,FALSE
user_67,FALSE,TRUE,Pending,FALSE
user_68,TRUE,TRUE,Failed,FALSE
user_69,FALSE,TRUE,Failed,FALSE
user_70,FALSE,TRUE,Pending,FALSE
user_71,TRUE,TRUE,Pending,TRUE
user_72,FALSE,TRUE,Completed,FALSE
user_73,FALSE,TRUE,Pending,FALSE
user_74,TRUE,TRUE,Completed,FALSE
user_75,TRUE,TRUE,Pending,FALSE
user_76,FALSE,FALSE,Completed,FALSE
user_77,TRUE,TRUE,Pending,FALSE
user_78,TRUE,FALSE,Pending,FALSE
user_79,FALSE,FALSE,Completed,TRUE
user_80,TRUE,TRUE,Completed,TRUE
user_81,TRUE,TRUE,Failed,TRUE
user_82,FALSE,TRUE,Failed,TRUE
user_83,FALSE,TRUE,Pending,TRUE
user_84,TRUE,FALSE,Pending,TRUE
user_85,FALSE,TRUE,Completed,TRUE
user_86,TRUE,TRUE,Pending,FALSE
user_87,TRUE,TRUE,Failed,TRUE
user_88,TRUE,FALSE,Completed,FALSE
user_89,FALSE,TRUE,Pending,FALSE
user_90,TRUE,TRUE,Completed,FALSE
user_91,TRUE,TRUE,Failed,FALSE
user_92,FALSE,TRUE,Failed,FALSE
user_93,TRUE,TRUE,Failed,FALSE
user_94,FALSE,TRUE,Pending,TRUE
user_95,TRUE,TRUE,Pending,FALSE
user_96,FALSE,TRUE,Pending,FALSE
user_97,TRUE,TRUE,Pending,FALSE
user_98,TRUE,TRUE,Pending,FALSE
user_99,TRUE,TRUE,Pending,FALSE
user_100,FALSE,TRUE,Failed,TRUE
user_101,FALSE,TRUE,Failed,TRUE
user_102,TRUE,TRUE,Pending,FALSE
user_103,FALSE,TRUE,Failed,FALSE
user_104,TRUE,TRUE,Completed,TRUE
user_105,FALSE,TRUE,Pending,FALSE
user_106,FALSE,TRUE,Completed,TRUE
user_107,FALSE,TRUE,Pending,FALSE
user_108,FALSE,TRUE,Pending,FALSE
user_109,FALSE,TRUE,Failed,FALSE
user_110,TRUE,TRUE,Completed,TRUE
user_111,FALSE,FALSE,Failed,FALSE
user_112,FALSE,TRUE,Pending,FALSE
user_113,FALSE,TRUE,Completed,TRUE
user_114,TRUE,FALSE,Pending,TRUE
user_115,TRUE,TRUE,Failed,FALSE
user_116,TRUE,FALSE,Pending,FALSE
user_117,FALSE,TRUE,Pending,TRUE
user_118,TRUE,TRUE,Failed,FALSE
user_119,TRUE,TRUE,Pending,FALSE
user_120,TRUE,TRUE,Completed,TRUE
user_121,TRUE,TRUE,Failed,FALSE
user_122,TRUE,TRUE,Pending,TRUE
user_123,TRUE,TRUE,Failed,TRUE
user_124,FALSE,FALSE,Pending,TRUE
user_125,FALSE,TRUE,Failed,FALSE
user_126,TRUE,TRUE,Failed,FALSE
user_127,FALSE,TRUE,Completed,TRUE
user_128,FALSE,TRUE,Failed,FALSE
user_129,TRUE,TRUE,Completed,FALSE
user_130,TRUE,TRUE,Failed,TRUE
user_131,FALSE,TRUE,Failed,FALSE
user_132,TRUE,TRUE,Pending,FALSE
user_133,FALSE,FALSE,Pending,FALSE
user_134,TRUE,TRUE,Pending,FALSE
user_135,TRUE,TRUE,Failed,FALSE
user_136,FALSE,TRUE,Failed,FALSE
user_137,TRUE,TRUE,Completed,TRUE
user_138,FALSE,TRUE,Completed,FALSE
user_139,TRUE,TRUE,Completed,FALSE
user_140,TRUE,FALSE,Pending,TRUE
user_141,TRUE,TRUE,Pending,FALSE
user_142,TRUE,TRUE,Completed,FALSE
user_143,TRUE,TRUE,Failed,FALSE
user_144,TRUE,TRUE,Pending,TRUE
user_145,TRUE,TRUE,Pending,FALSE
user_146,FALSE,TRUE,Completed,FALSE
user_147,TRUE,TRUE,Pending,TRUE
user_148,FALSE,TRUE,Completed,TRUE
user_149,TRUE,TRUE,Pending,FALSE
user_150,TRUE,TRUE,Failed,TRUE
user_151,FALSE,TRUE,Failed,TRUE
user_152,TRUE,TRUE,Pending,FALSE
user_153,TRUE,TRUE,Completed,FALSE
user_154,TRUE,TRUE,Pending,FALSE
user_155,FALSE,TRUE,Completed,FALSE
user_156,FALSE,TRUE,Pending,FALSE
user_157,TRUE,TRUE,Failed,FALSE
user_158,TRUE,FALSE,Failed,TRUE
user_159,FALSE,TRUE,Pending,FALSE
user_160,TRUE,FALSE,Pending,FALSE
user_161,TRUE,TRUE,Pending,FALSE
user_162,TRUE,TRUE,Failed,FALSE
user_163,TRUE,TRUE,Failed,TRUE
user_164,TRUE,TRUE,Completed,FALSE
user_165,FALSE,FALSE,Pending,FALSE
user_166,TRUE,TRUE,Pending,FALSE
user_167,TRUE,TRUE,Failed,FALSE
user_168,FALSE,TRUE,Pending,TRUE
user_169,TRUE,TRUE,Completed,TRUE
user_170,TRUE,TRUE,Pending,TRUE
user_171,TRUE,TRUE,Failed,FALSE
user_172,FALSE,TRUE,Pending,TRUE
user_173,TRUE,FALSE,Failed,FALSE
user_174,TRUE,TRUE,Completed,FALSE
user_175,FALSE,TRUE,Completed,FALSE
user_176,FALSE,TRUE,Pending,TRUE
user_177,FALSE,FALSE,Pending,FALSE
user_178,TRUE,TRUE,Failed,FALSE
user_179,TRUE,TRUE,Completed,FALSE
user_180,TRUE,FALSE,Completed,FALSE
user_181,TRUE,TRUE,Completed,TRUE
user_182,FALSE,TRUE,Completed,TRUE
user_183,TRUE,TRUE,Pending,FALSE
user_184,FALSE,FALSE,Pending,FALSE
user_185,TRUE,FALSE,Failed,TRUE
user_186,TRUE,FALSE,Completed,FALSE
user_187,FALSE,TRUE,Pending,FALSE
user_188,TRUE,TRUE,Pending,FALSE
user_189,FALSE,TRUE,Completed,TRUE
user_190,FALSE,FALSE,Pending,FALSE
user_191,TRUE,FALSE,Failed,TRUE
user_192,TRUE,TRUE,Failed,TRUE
user_193,TRUE,TRUE,Completed,FALSE
user_194,FALSE,TRUE,Failed,TRUE
user_195,TRUE,TRUE,Pending,FALSE
user_196,FALSE,TRUE,Failed,TRUE
user_197,TRUE,TRUE,Pending,FALSE
user_198,FALSE,TRUE,Completed,FALSE
user_199,FALSE,TRUE,Completed,FALSE
user_200,TRUE,FALSE,Pending,FALSE
user_201,TRUE,FALSE,Pending,FALSE
user_202,TRUE,FALSE,Failed,FALSE
user_203,TRUE,TRUE,Pending,FALSE
user_204,TRUE,TRUE,Completed,TRUE
user_205,TRUE,TRUE,Pending,FALSE
user_206,FALSE,FALSE,Failed,FALSE
user_207,FALSE,TRUE,Failed,FALSE
user_208,FALSE,TRUE,Pending,TRUE
user_209,TRUE,TRUE,Failed,TRUE
user_210,FALSE,FALSE,Failed,FALSE
user_211,TRUE,TRUE,Completed,FALSE
user_212,TRUE,TRUE,Pending,FALSE
user_213,TRUE,TRUE,Completed,TRUE
user_214,TRUE,FALSE,Completed,TRUE
user_215,TRUE,TRUE,Failed,FALSE
user_216,TRUE,TRUE,Completed,FALSE
user_217,FALSE,TRUE,Pending,TRUE
user_218,TRUE,TRUE,Pending,TRUE
user_219,FALSE,TRUE,Pending,FALSE
user_220,TRUE,TRUE,Completed,FALSE
user_221,TRUE,TRUE,Pending,FALSE
user_222,TRUE,FALSE,Pending,FALSE
user_223,FALSE,TRUE,Completed,FALSE
user_224,TRUE,TRUE,Completed,TRUE
user_225,TRUE,TRUE,Completed,FALSE
user_226,TRUE,TRUE,Completed,FALSE
user_227,TRUE,FALSE,Failed,FALSE
user_228,FALSE,TRUE,Completed,FALSE
user_229,TRUE,TRUE,Completed,FALSE
user_230,TRUE,TRUE,Pending,FALSE
user_231,FALSE,TRUE,Pending,FALSE
user_232,TRUE,TRUE,Completed,FALSE
user_233,FALSE,TRUE,Completed,TRUE
user_234,FALSE,FALSE,Completed,FALSE
user_235,FALSE,TRUE,Pending,FALSE
user_236,TRUE,TRUE,Pending,TRUE
user_237,FALSE,TRUE,Completed,TRUE
user_238,TRUE,FALSE,Pending,FALSE
user_239,FALSE,TRUE,Pending,FALSE
user_240,TRUE,TRUE,Completed,TRUE
user_241,TRUE,TRUE,Pending,FALSE
user_242,FALSE,FALSE,Completed,FALSE
user_243,TRUE,TRUE,Failed,FALSE
user_244,FALSE,TRUE,Failed,TRUE
user_245,FALSE,TRUE,Failed,FALSE
user_246,TRUE,FALSE,Pending,TRUE
user_247,TRUE,TRUE,Failed,FALSE
user_248,TRUE,FALSE,Pending,FALSE
user_249,FALSE,TRUE,Completed,FALSE
user_250,TRUE,TRUE,Failed,FALSE
user_251,TRUE,TRUE,Pending,TRUE
user_252,FALSE,TRUE,Failed,FALSE
user_253,FALSE,TRUE,Pending,FALSE
user_254,FALSE,TRUE,Pending,FALSE
user_255,FALSE,TRUE,Completed,FALSE
user_256,TRUE,TRUE,Pending,TRUE
user_257,TRUE,TRUE,Pending,TRUE
user_258,TRUE,TRUE,Failed,TRUE
user_259,FALSE,FALSE,Completed,FALSE
user_260,FALSE,TRUE,Pending,TRUE
user_261,FALSE,TRUE,Failed,TRUE
user_262,FALSE,TRUE,Completed,FALSE
user_263,TRUE,TRUE,Pending,TRUE
user_264,TRUE,TRUE,Failed,TRUE
user_265,TRUE,FALSE,Completed,FALSE
user_266,TRUE,FALSE,Completed,TRUE
user_267,FALSE,TRUE,Completed,FALSE
user_268,TRUE,TRUE,Completed,FALSE
user_269,FALSE,TRUE,Pending,TRUE
user_270,FALSE,TRUE,Pending,FALSE
user_271,TRUE,TRUE,Completed,FALSE
user_272,TRUE,TRUE,Completed,FALSE
user_273,TRUE,TRUE,Pending,FALSE
user_274,TRUE,TRUE,Failed,FALSE
user_275,FALSE,TRUE,Completed,TRUE
user_276,TRUE,TRUE,Pending,FALSE
user_277,FALSE,TRUE,Pending,FALSE
user_278,FALSE,TRUE,Failed,FALSE
user_279,TRUE,TRUE,Pending,FALSE
user_280,FALSE,FALSE,Completed,TRUE
user_281,FALSE,FALSE,Pending,FALSE
user_282,FALSE,TRUE,Completed,FALSE
user_283,TRUE,TRUE,Pending,FALSE
user_284,TRUE,TRUE,Completed,TRUE
user_285,TRUE,TRUE,Completed,FALSE
user_286,TRUE,TRUE,Pending,FALSE
user_287,FALSE,TRUE,Completed,TRUE
user_288,FALSE,TRUE,Pending,TRUE
user_289,FALSE,TRUE,Pending,TRUE
user_290,TRUE,FALSE,Pending,FALSE
user_291,TRUE,TRUE,Completed,FALSE
user_292,FALSE,TRUE,Pending,FALSE
user_293,TRUE,TRUE,Failed,TRUE
user_294,TRUE,TRUE,Completed,FALSE
user_295,TRUE,TRUE,Failed,FALSE
user_296,TRUE,TRUE,Failed,FALSE
user_297,FALSE,TRUE,Failed,TRUE
user_298,TRUE,FALSE,Failed,TRUE
user_299,FALSE,TRUE,Pending,FALSE
user_300,FALSE,FALSE,Failed,FALSE
user_301,TRUE,TRUE,Completed,FALSE
user_302,FALSE,TRUE,Failed,TRUE
user_303,TRUE,TRUE,Failed,FALSE
user_304,FALSE,TRUE,Failed,TRUE
user_305,TRUE,TRUE,Pending,FALSE
user_306,FALSE,TRUE,Failed,FALSE
user_307,TRUE,TRUE,Failed,FALSE
user_308,FALSE,TRUE,Failed,FALSE
user_309,FALSE,TRUE,Completed,FALSE
user_310,TRUE,TRUE,Pending,FALSE
user_311,FALSE,TRUE,Pending,FALSE
user_312,TRUE,TRUE,Pending,FALSE
user_313,TRUE,TRUE,Completed,TRUE
user_314,FALSE,TRUE,Failed,FALSE
user_315,FALSE,TRUE,Completed,TRUE
user_316,TRUE,TRUE,Pending,TRUE
user_317,TRUE,FALSE,Pending,FALSE
user_318,FALSE,TRUE,Pending,FALSE
user_319,FALSE,TRUE,Completed,FALSE
user_320,TRUE,TRUE,Pending,FALSE
user_321,TRUE,TRUE,Failed,FALSE
user_322,FALSE,TRUE,Completed,FALSE
user_323,FALSE,TRUE,Failed,FALSE
user_324,FALSE,TRUE,Pending,FALSE
user_325,TRUE,TRUE,Pending,TRUE
user_326,FALSE,FALSE,Completed,TRUE
user_327,FALSE,TRUE,Failed,FALSE
user_328,TRUE,TRUE,Completed,FALSE
user_329,TRUE,TRUE,Failed,TRUE
user_330,FALSE,TRUE,Pending,FALSE
user_331,TRUE,TRUE,Completed,FALSE
user_332,FALSE,TRUE,Completed,FALSE
user_333,FALSE,TRUE,Failed,FALSE
user_334,FALSE,TRUE,Pending,FALSE
user_335,FALSE,FALSE,Pending,FALSE
user_336,TRUE,TRUE,Failed,FALSE
user_337,TRUE,TRUE,Failed,FALSE
user_338,FALSE,TRUE,Failed,FALSE
user_339,TRUE,FALSE,Failed,FALSE
user_340,TRUE,TRUE,Failed,TRUE
user_341,TRUE,FALSE,Pending,TRUE
user_342,TRUE,TRUE,Pending,FALSE
user_343,FALSE,TRUE,Completed,FALSE
user_344,TRUE,TRUE,Pending,FALSE
user_345,TRUE,TRUE,Failed,FALSE
user_346,FALSE,TRUE,Pending,TRUE
user_347,FALSE,TRUE,Pending,TRUE
user_348,FALSE,TRUE,Pending,FALSE
user_349,FALSE,TRUE,Completed,TRUE
user_350,FALSE,TRUE,Completed,FALSE
user_351,FALSE,FALSE,Failed,FALSE
user_352,TRUE,FALSE,Failed,FALSE
user_353,FALSE,TRUE,Completed,FALSE
user_354,TRUE,FALSE,Pending,FALSE
user_355,FALSE,TRUE,Pending,FALSE
user_356,TRUE,TRUE,Completed,FALSE
user_357,TRUE,TRUE,Failed,FALSE
user_358,TRUE,TRUE,Pending,FALSE
user_359,TRUE,TRUE,Failed,TRUE
user_360,FALSE,TRUE,Pending,FALSE
user_361,FALSE,TRUE,Failed,FALSE
user_362,FALSE,TRUE,Pending,TRUE
user_363,FALSE,FALSE,Failed,TRUE
user_364,TRUE,FALSE,Failed,TRUE
user_365,FALSE,TRUE,Failed,FALSE
user_366,TRUE,TRUE,Completed,FALSE
user_367,FALSE,TRUE,Failed,TRUE
user_368,TRUE,TRUE,Completed,FALSE
user_369,TRUE,TRUE,Completed,FALSE
user_370,FALSE,TRUE,Failed,FALSE
user_371,FALSE,TRUE,Completed,FALSE
user_372,FALSE,TRUE,Completed,TRUE
user_373,FALSE,FALSE,Completed,FALSE
user_374,TRUE,FALSE,Pending,FALSE
user_375,FALSE,TRUE,Failed,FALSE
user_376,FALSE,TRUE,Completed,FALSE
user_377,TRUE,FALSE,Failed,FALSE
user_378,TRUE,TRUE,Completed,TRUE
user_379,TRUE,TRUE,Failed,FALSE
user_380,FALSE,TRUE,Completed,FALSE
user_381,TRUE,TRUE,Pending,TRUE
user_382,TRUE,FALSE,Pending,TRUE
user_383,TRUE,TRUE,Pending,FALSE
user_384,TRUE,TRUE,Completed,FALSE
user_385,FALSE,TRUE,Failed,TRUE
user_386,FALSE,TRUE,Completed,FALSE
user_387,TRUE,TRUE,Pending,FALSE
user_388,TRUE,TRUE,Completed,FALSE
user_389,TRUE,TRUE,Failed,TRUE
user_390,FALSE,TRUE,Pending,FALSE
user_391,TRUE,TRUE,Completed,TRUE
user_392,TRUE,TRUE,Failed,FALSE
user_393,FALSE,TRUE,Pending,FALSE
user_394,TRUE,TRUE,Failed,FALSE
user_395,FALSE,TRUE,Failed,FALSE
user_396,TRUE,TRUE,Pending,TRUE
user_397,FALSE,TRUE,Completed,FALSE
user_398,TRUE,FALSE,Completed,TRUE
user_399,TRUE,TRUE,Completed,FALSE
user_400,TRUE,TRUE,Completed,TRUE
user_401,FALSE,TRUE,Failed,FALSE
user_402,FALSE,TRUE,Completed,FALSE
user_403,TRUE,TRUE,Completed,FALSE
user_404,FALSE,TRUE,Failed,TRUE
user_405,FALSE,TRUE,Failed,FALSE
user_406,FALSE,TRUE,Pending,TRUE
user_407,FALSE,TRUE,Failed,FALSE
user_408,TRUE,TRUE,Pending,FALSE
user_409,FALSE,TRUE,Pending,FALSE
user_410,TRUE,TRUE,Completed,FALSE
user_411,TRUE,FALSE,Completed,TRUE
user_412,TRUE,FALSE,Completed,FALSE
user_413,FALSE,TRUE,Failed,TRUE
user_414,FALSE,TRUE,Failed,FALSE
user_415,FALSE,TRUE,Completed,FALSE
user_416,FALSE,TRUE,Completed,FALSE
user_417,FALSE,TRUE,Failed,FALSE
user_418,TRUE,TRUE,Pending,FALSE
user_419,TRUE,TRUE,Pending,FALSE
user_420,TRUE,TRUE,Completed,FALSE
user_421,TRUE,TRUE,Completed,FALSE
user_422,TRUE,TRUE,Completed,FALSE
user_423,TRUE,TRUE,Pending,TRUE
user_424,FALSE,TRUE,Completed,FALSE
user_425,FALSE,TRUE,Pending,TRUE
user_426,FALSE,TRUE,Failed,FALSE
user_427,FALSE,TRUE,Failed,TRUE
user_428,TRUE,TRUE,Failed,FALSE
user_429,FALSE,TRUE,Completed,FALSE
user_430,TRUE,TRUE,Failed,TRUE
user_431,TRUE,TRUE,Pending,FALSE
user_432,FALSE,TRUE,Pending,FALSE
user_433,TRUE,TRUE,Pending,TRUE
user_434,TRUE,TRUE,Completed,FALSE
user_435,TRUE,TRUE,Completed,TRUE
user_436,FALSE,TRUE,Pending,TRUE
user_437,FALSE,TRUE,Pending,FALSE
user_438,TRUE,FALSE,Pending,FALSE
user_439,FALSE,TRUE,Pending,FALSE
user_440,TRUE,FALSE,Failed,FALSE
user_441,TRUE,TRUE,Pending,FALSE
user_442,TRUE,FALSE,Completed,FALSE
user_443,FALSE,TRUE,Completed,FALSE
user_444,TRUE,FALSE,Completed,TRUE
user_445,TRUE,TRUE,Completed,FALSE
user_446,TRUE,TRUE,Completed,FALSE
user_447,TRUE,TRUE,Pending,FALSE
user_448,FALSE,FALSE,Pending,TRUE
user_449,TRUE,TRUE,Failed,FALSE
user_450,TRUE,TRUE,Failed,TRUE
user_451,TRUE,TRUE,Failed,FALSE
user_452,TRUE,TRUE,Pending,FALSE
user_453,FALSE,TRUE,Failed,FALSE
user_454,TRUE,TRUE,Pending,FALSE
user_455,TRUE,FALSE,Completed,FALSE
user_456,TRUE,FALSE,Pending,TRUE
user_457,TRUE,TRUE,Pending,FALSE
user_458,FALSE,TRUE,Completed,FALSE
user_459,FALSE,TRUE,Completed,FALSE
user_460,FALSE,TRUE,Completed,FALSE
user_461,TRUE,TRUE,Failed,TRUE
user_462,FALSE,TRUE,Failed,FALSE
user_463,FALSE,TRUE,Failed,FALSE
user_464,TRUE,FALSE,Completed,TRUE
user_465,FALSE,FALSE,Failed,TRUE
user_466,FALSE,TRUE,Completed,FALSE
user_467,TRUE,FALSE,Completed,FALSE
user_468,TRUE,TRUE,Completed,FALSE
user_469,FALSE,TRUE,Failed,FALSE
user_470,TRUE,TRUE,Failed,FALSE
user_471,FALSE,TRUE,Completed,FALSE
user_472,FALSE,TRUE,Failed,FALSE
user_473,FALSE,TRUE,Pending,TRUE
user_474,TRUE,TRUE,Failed,FALSE
user_475,TRUE,TRUE,Completed,TRUE
user_476,TRUE,TRUE,Completed,FALSE
user_477,FALSE,TRUE,Completed,FALSE
user_478,FALSE,TRUE,Pending,FALSE
user_479,FALSE,TRUE,Completed,TRUE
user_480,TRUE,TRUE,Completed,TRUE
user_481,FALSE,TRUE,Failed,FALSE
user_482,FALSE,FALSE,Pending,FALSE
user_483,TRUE,TRUE,Failed,FALSE
user_484,TRUE,TRUE,Completed,FALSE
user_485,FALSE,TRUE,Completed,FALSE
user_486,FALSE,TRUE,Pending,TRUE
user_487,FALSE,TRUE,Completed,TRUE
user_488,TRUE,TRUE,Pending,TRUE
user_489,TRUE,FALSE,Failed,FALSE
user_490,FALSE,TRUE,Pending,TRUE
user_491,FALSE,TRUE,Failed,TRUE
user_492,FALSE,FALSE,Completed,FALSE
user_493,FALSE,TRUE,Failed,FALSE
user_494,TRUE,FALSE,Failed,FALSE
user_495,FALSE,TRUE,Failed,FALSE
user_496,TRUE,TRUE,Pending,TRUE
user_497,TRUE,TRUE,Failed,FALSE
user_498,TRUE,TRUE,Pending,TRUE
user_499,FALSE,TRUE,Pending,FALSE
user_500,FALSE,TRUE,Pending,FALSE
user_501,TRUE,TRUE,Completed,FALSE
user_502,TRUE,TRUE,Completed,FALSE
user_503,FALSE,TRUE,Completed,FALSE
user_504,FALSE,TRUE,Pending,FALSE
user_505,FALSE,FALSE,Completed,TRUE
user_506,TRUE,FALSE,Failed,FALSE
user_507,TRUE,TRUE,Pending,TRUE
user_508,TRUE,TRUE,Completed,FALSE
user_509,TRUE,TRUE,Pending,FALSE
user_510,TRUE,TRUE,Completed,TRUE
user_511,TRUE,FALSE,Failed,FALSE
user_512,TRUE,TRUE,Pending,TRUE
user_513,TRUE,FALSE,Completed,FALSE
user_514,FALSE,TRUE,Completed,TRUE
user_515,TRUE,TRUE,Failed,FALSE
user_516,TRUE,FALSE,Failed,FALSE
user_517,FALSE,TRUE,Completed,FALSE
user_518,FALSE,TRUE,Completed,FALSE
user_519,FALSE,TRUE,Pending,TRUE
user_520,FALSE,TRUE,Pending,FALSE
user_521,FALSE,TRUE,Completed,TRUE
user_522,FALSE,FALSE,Failed,FALSE
user_523,FALSE,TRUE,Pending,FALSE
user_524,FALSE,FALSE,Completed,FALSE
user_525,TRUE,TRUE,Failed,TRUE
user_526,TRUE,TRUE,Failed,TRUE
user_527,FALSE,FALSE,Completed,TRUE
user_528,TRUE,TRUE,Completed,FALSE
user_529,FALSE,TRUE,Pending,TRUE
user_530,TRUE,TRUE,Completed,FALSE
user_531,TRUE,TRUE,Pending,TRUE
user_532,FALSE,TRUE,Failed,TRUE
user_533,TRUE,FALSE,Pending,FALSE
user_534,FALSE,FALSE,Completed,TRUE
user_535,FALSE,TRUE,Pending,FALSE
user_536,FALSE,TRUE,Failed,FALSE
user_537,TRUE,FALSE,Failed,TRUE
user_538,FALSE,TRUE,Completed,FALSE
user_539,FALSE,TRUE,Pending,FALSE
user_540,FALSE,TRUE,Completed,TRUE
user_541,FALSE,TRUE,Completed,TRUE
user_542,FALSE,TRUE,Failed,FALSE
user_543,FALSE,TRUE,Pending,TRUE
user_544,FALSE,TRUE,Completed,FALSE
user_545,TRUE,TRUE,Failed,FALSE
user_546,TRUE,TRUE,Completed,TRUE
user_547,TRUE,TRUE,Pending,FALSE
user_548,TRUE,TRUE,Completed,FALSE
user_549,FALSE,TRUE,Pending,FALSE
user_550,TRUE,TRUE,Failed,FALSE
user_551,FALSE,FALSE,Failed,FALSE
user_552,TRUE,FALSE,Completed,TRUE
user_553,TRUE,TRUE,Failed,FALSE
user_554,TRUE,TRUE,Completed,FALSE
user_555,TRUE,FALSE,Completed,FALSE
user_556,TRUE,TRUE,Pending,FALSE
user_557,TRUE,FALSE,Completed,FALSE
user_558,FALSE,TRUE,Pending,FALSE
user_559,TRUE,TRUE,Completed,FALSE
user_560,TRUE,TRUE,Pending,FALSE
user_561,FALSE,TRUE,Failed,FALSE
user_562,TRUE,TRUE,Completed,TRUE
user_563,TRUE,TRUE,Pending,FALSE
user_564,TRUE,TRUE,Completed,TRUE
user_565,TRUE,TRUE,Pending,TRUE
user_566,FALSE,TRUE,Pending,FALSE
user_567,TRUE,TRUE,Completed,FALSE
user_568,FALSE,TRUE,Completed,FALSE
user_569,FALSE,TRUE,Failed,FALSE
user_570,TRUE,TRUE,Failed,TRUE
user_571,FALSE,TRUE,Failed,FALSE
user_572,TRUE,TRUE,Completed,TRUE
user_573,TRUE,TRUE,Failed,TRUE
user_574,TRUE,FALSE,Pending,FALSE
user_575,TRUE,TRUE,Completed,FALSE
user_576,FALSE,TRUE,Pending,TRUE
user_577,TRUE,TRUE,Pending,FALSE
user_578,FALSE,TRUE,Pending,FALSE
user_579,FALSE,TRUE,Completed,TRUE
user_580,TRUE,FALSE,Completed,TRUE
user_581,FALSE,TRUE,Failed,FALSE
user_582,FALSE,TRUE,Failed,TRUE
user_583,TRUE,FALSE,Failed,FALSE
user_584,TRUE,TRUE,Failed,FALSE
user_585,TRUE,TRUE,Pending,FALSE
user_586,TRUE,TRUE,Completed,FALSE
user_587,TRUE,TRUE,Failed,FALSE
user_588,TRUE,TRUE,Pending,TRUE
user_589,FALSE,TRUE,Completed,FALSE
user_590,FALSE,TRUE,Completed,FALSE
user_591,TRUE,TRUE,Completed,TRUE
user_592,TRUE,FALSE,Pending,FALSE
user_593,TRUE,TRUE,Failed,TRUE
user_594,TRUE,TRUE,Completed,TRUE
user_595,TRUE,TRUE,Pending,FALSE
user_596,FALSE,TRUE,Completed,FALSE
user_597,TRUE,TRUE,Pending,FALSE
user_598,TRUE,TRUE,Failed,TRUE
user_599,TRUE,TRUE,Failed,FALSE
user_600,FALSE,TRUE,Completed,TRUE
user_601,FALSE,TRUE,Failed,FALSE
user_602,TRUE,FALSE,Failed,FALSE
user_603,TRUE,TRUE,Pending,FALSE
user_604,TRUE,TRUE,Pending,FALSE
user_605,TRUE,TRUE,Completed,FALSE
user_606,FALSE,TRUE,Pending,FALSE
user_607,FALSE,TRUE,Failed,FALSE
user_608,FALSE,TRUE,Pending,FALSE
user_609,TRUE,FALSE,Failed,FALSE
user_610,TRUE,TRUE,Completed,FALSE
user_611,FALSE,TRUE,Failed,FALSE
user_612,TRUE,FALSE,Pending,TRUE
user_613,FALSE,FALSE,Pending,TRUE
user_614,TRUE,TRUE,Pending,FALSE
user_615,TRUE,TRUE,Pending,FALSE
user_616,FALSE,TRUE,Completed,FALSE
user_617,TRUE,TRUE,Failed,FALSE
user_618,TRUE,TRUE,Pending,FALSE
user_619,TRUE,TRUE,Failed,FALSE
user_620,FALSE,FALSE,Completed,FALSE
user_621,TRUE,TRUE,Failed,TRUE
user_622,TRUE,FALSE,Pending,FALSE
user_623,FALSE,FALSE,Failed,FALSE
user_624,TRUE,TRUE,Pending,FALSE
user_625,FALSE,TRUE,Pending,FALSE
user_626,TRUE,TRUE,Completed,TRUE
user_627,FALSE,TRUE,Completed,TRUE
user_628,TRUE,TRUE,Failed,FALSE
user_629,FALSE,TRUE,Failed,TRUE
user_630,FALSE,TRUE,Pending,TRUE
user_631,FALSE,FALSE,Pending,FALSE
user_632,TRUE,TRUE,Pending,FALSE
user_633,TRUE,TRUE,Pending,FALSE
user_634,FALSE,TRUE,Completed,TRUE
user_635,TRUE,TRUE,Pending,FALSE
user_636,TRUE,FALSE,Completed,FALSE
user_637,FALSE,FALSE,Failed,FALSE
user_638,TRUE,TRUE,Failed,FALSE
user_639,FALSE,TRUE,Completed,FALSE
user_640,TRUE,TRUE,Pending,FALSE
user_641,FALSE,TRUE,Failed,FALSE
user_642,TRUE,TRUE,Completed,TRUE
user_643,TRUE,TRUE,Failed,TRUE
user_644,FALSE,TRUE,Pending,TRUE
user_645,TRUE,FALSE,Completed,TRUE
user_646,FALSE,TRUE,Failed,TRUE
user_647,FALSE,TRUE,Pending,FALSE
user_648,TRUE,TRUE,Completed,TRUE
user_649,FALSE,FALSE,Completed,FALSE
user_650,TRUE,TRUE,Completed,FALSE
user_651,FALSE,FALSE,Completed,TRUE
user_652,TRUE,TRUE,Failed,FALSE
user_653,FALSE,TRUE,Completed,TRUE
user_654,FALSE,TRUE,Completed,FALSE
user_655,TRUE,TRUE,Completed,FALSE
user_656,FALSE,TRUE,Completed,TRUE
user_657,TRUE,FALSE,Completed,FALSE
user_658,TRUE,TRUE,Pending,FALSE
user_659,TRUE,TRUE,Failed,TRUE
user_660,TRUE,TRUE,Pending,FALSE
user_661,TRUE,TRUE,Failed,FALSE
user_662,TRUE,TRUE,Completed,TRUE
user_663,TRUE,TRUE,Failed,FALSE
user_664,TRUE,TRUE,Completed,TRUE
user_665,TRUE,FALSE,Completed,FALSE
user_666,FALSE,TRUE,Pending,TRUE
user_667,FALSE,FALSE,Pending,FALSE
user_668,TRUE,TRUE,Pending,FALSE
user_669,FALSE,FALSE,Failed,TRUE
user_670,FALSE,TRUE,Failed,FALSE
user_671,FALSE,TRUE,Pending,TRUE
user_672,TRUE,TRUE,Pending,FALSE
user_673,TRUE,TRUE,Completed,TRUE
user_674,FALSE,FALSE,Failed,FALSE
user_675,FALSE,TRUE,Completed,FALSE
user_676,TRUE,FALSE,Failed,FALSE
user_677,TRUE,TRUE,Pending,TRUE
user_678,FALSE,TRUE,Failed,FALSE
user_679,FALSE,FALSE,Failed,FALSE
user_680,FALSE,TRUE,Completed,FALSE
user_681,TRUE,TRUE,Pending,FALSE
user_682,TRUE,TRUE,Pending,FALSE
user_683,TRUE,FALSE,Pending,FALSE
user_684,TRUE,TRUE,Completed,FALSE
user_685,TRUE,TRUE,Completed,TRUE
user_686,FALSE,TRUE,Completed,FALSE
user_687,TRUE,TRUE,Failed,FALSE
user_688,FALSE,FALSE,Failed,TRUE
user_689,TRUE,FALSE,Completed,FALSE
user_690,TRUE,TRUE,Completed,FALSE
user_691,TRUE,TRUE,Pending,FALSE
user_692,TRUE,TRUE,Failed,TRUE
user_693,FALSE,TRUE,Failed,TRUE
user_694,TRUE,TRUE,Pending,FALSE
user_695,TRUE,TRUE,Pending,TRUE
user_696,TRUE,TRUE,Pending,FALSE
user_697,TRUE,TRUE,Completed,FALSE
user_698,FALSE,TRUE,Completed,TRUE
user_699,TRUE,TRUE,Completed,FALSE
user_700,FALSE,FALSE,Completed,FALSE
user_701,FALSE,TRUE,Completed,TRUE
user_702,TRUE,TRUE,Failed,FALSE
user_703,TRUE,TRUE,Failed,TRUE
user_704,FALSE,TRUE,Failed,FALSE
user_705,FALSE,TRUE,Pending,FALSE
user_706,TRUE,TRUE,Failed,FALSE
user_707,TRUE,TRUE,Pending,FALSE
user_708,TRUE,TRUE,Failed,FALSE
user_709,TRUE,FALSE,Completed,TRUE
user_710,TRUE,TRUE,Failed,FALSE
user_711,TRUE,FALSE,Completed,FALSE
user_712,TRUE,TRUE,Completed,FALSE
user_713,TRUE,TRUE,Failed,FALSE
user_714,TRUE,TRUE,Failed,FALSE
user_715,FALSE,TRUE,Completed,FALSE
user_716,TRUE,TRUE,Pending,FALSE
user_717,FALSE,TRUE,Pending,FALSE
user_718,TRUE,TRUE,Failed,FALSE
user_719,FALSE,TRUE,Completed,FALSE
user_720,TRUE,TRUE,Pending,FALSE
user_721,FALSE,TRUE,Failed,FALSE
user_722,TRUE,TRUE,Failed,TRUE
user_723,TRUE,TRUE,Completed,FALSE
user_724,FALSE,TRUE,Pending,TRUE
user_725,TRUE,TRUE,Failed,TRUE
user_726,FALSE,TRUE,Pending,FALSE
user_727,TRUE,TRUE,Failed,FALSE
user_728,TRUE,TRUE,Failed,FALSE
user_729,TRUE,FALSE,Pending,FALSE
user_730,FALSE,TRUE,Pending,FALSE
user_731,TRUE,TRUE,Completed,TRUE
user_732,FALSE,FALSE,Completed,FALSE
user_733,TRUE,TRUE,Completed,FALSE
user_734,FALSE,TRUE,Completed,FALSE
user_735,TRUE,TRUE,Pending,FALSE
user_736,TRUE,TRUE,Completed,FALSE
user_737,TRUE,TRUE,Pending,FALSE
user_738,TRUE,TRUE,Failed,TRUE
user_739,TRUE,FALSE,Pending,FALSE
user_740,TRUE,TRUE,Completed,FALSE
user_741,TRUE,TRUE,Pending,FALSE
user_742,TRUE,TRUE,Pending,FALSE
user_743,TRUE,FALSE,Pending,FALSE
user_744,TRUE,TRUE,Pending,FALSE
user_745,TRUE,TRUE,Pending,FALSE
user_746,FALSE,TRUE,Completed,FALSE
user_747,FALSE,TRUE,Pending,TRUE
user_748,TRUE,TRUE,Completed,TRUE
user_749,FALSE,FALSE,Failed,TRUE
user_750,FALSE,TRUE,Pending,TRUE
user_751,TRUE,TRUE,Failed,FALSE
user_752,TRUE,FALSE,Completed,FALSE
user_753,FALSE,TRUE,Pending,TRUE
user_754,FALSE,TRUE,Failed,FALSE
user_755,FALSE,TRUE,Completed,TRUE
user_756,FALSE,TRUE,Failed,FALSE
user_757,TRUE,TRUE,Pending,TRUE
user_758,TRUE,FALSE,Pending,TRUE
user_759,TRUE,TRUE,Pending,TRUE
user_760,TRUE,TRUE,Completed,FALSE
user_761,TRUE,TRUE,Failed,FALSE
user_762,TRUE,TRUE,Completed,TRUE
user_763,TRUE,TRUE,Failed,FALSE
user_764,TRUE,TRUE,Completed,TRUE
user_765,TRUE,TRUE,Pending,FALSE
user_766,TRUE,TRUE,Failed,FALSE
user_767,TRUE,TRUE,Failed,TRUE
user_768,TRUE,TRUE,Failed,FALSE
user_769,FALSE,TRUE,Completed,FALSE
user_770,FALSE,TRUE,Pending,FALSE
user_771,TRUE,TRUE,Failed,FALSE
user_772,TRUE,TRUE,Completed,FALSE
user_773,FALSE,TRUE,Failed,FALSE
user_774,TRUE,TRUE,Pending,FALSE
user_775,FALSE,TRUE,Failed,FALSE
user_776,TRUE,TRUE,Pending,FALSE
user_777,FALSE,TRUE,Completed,FALSE
user_778,FALSE,TRUE,Completed,FALSE
user_779,FALSE,TRUE,Pending,FALSE
user_780,TRUE,TRUE,Pending,FALSE
user_781,FALSE,TRUE,Completed,FALSE
user_782,FALSE,TRUE,Pending,FALSE
user_783,FALSE,TRUE,Pending,TRUE
user_784,TRUE,TRUE,Failed,FALSE
user_785,FALSE,TRUE,Completed,FALSE
user_786,TRUE,TRUE,Completed,FALSE
user_787,TRUE,TRUE,Pending,TRUE
user_788,TRUE,TRUE,Pending,TRUE
user_789,TRUE,TRUE,Pending,FALSE
user_790,FALSE,TRUE,Completed,FALSE
user_791,FALSE,TRUE,Failed,FALSE
user_792,TRUE,FALSE,Completed,FALSE
user_793,FALSE,TRUE,Failed,FALSE
user_794,FALSE,FALSE,Pending,FALSE
user_795,TRUE,TRUE,Completed,FALSE
user_796,TRUE,TRUE,Failed,FALSE
user_797,TRUE,TRUE,Completed,FALSE
user_798,TRUE,TRUE,Failed,FALSE
user_799,TRUE,TRUE,Failed,FALSE
user_800,TRUE,FALSE,Completed,TRUE
user_801,TRUE,FALSE,Pending,TRUE
user_802,FALSE,TRUE,Completed,FALSE
user_803,FALSE,TRUE,Pending,FALSE
user_804,TRUE,FALSE,Failed,FALSE
user_805,TRUE,FALSE,Failed,TRUE
user_806,TRUE,TRUE,Completed,FALSE
user_807,TRUE,TRUE,Completed,FALSE
user_808,TRUE,TRUE,Pending,FALSE
user_809,TRUE,TRUE,Pending,FALSE
user_810,TRUE,TRUE,Completed,FALSE
user_811,TRUE,TRUE,Pending,FALSE
user_812,TRUE,TRUE,Pending,FALSE
user_813,FALSE,TRUE,Completed,TRUE
user_814,TRUE,TRUE,Completed,TRUE
user_815,TRUE,FALSE,Failed,TRUE
user_816,TRUE,FALSE,Failed,FALSE
user_817,FALSE,TRUE,Completed,TRUE
user_818,FALSE,TRUE,Failed,TRUE
user_819,TRUE,TRUE,Pending,TRUE
user_820,FALSE,TRUE,Completed,TRUE
user_821,TRUE,TRUE,Failed,FALSE
user_822,FALSE,TRUE,Completed,TRUE
user_823,TRUE,TRUE,Failed,FALSE
user_824,TRUE,TRUE,Completed,FALSE
user_825,FALSE,TRUE,Pending,TRUE
user_826,TRUE,FALSE,Failed,FALSE
user_827,FALSE,TRUE,Completed,FALSE
user_828,TRUE,TRUE,Pending,FALSE
user_829,FALSE,TRUE,Failed,TRUE
user_830,TRUE,TRUE,Failed,FALSE
user_831,TRUE,TRUE,Completed,FALSE
user_832,FALSE,TRUE,Pending,TRUE
user_833,FALSE,TRUE,Completed,TRUE
user_834,FALSE,FALSE,Failed,FALSE
user_835,FALSE,TRUE,Completed,FALSE
user_836,FALSE,TRUE,Completed,FALSE
user_837,TRUE,TRUE,Pending,FALSE
user_838,TRUE,TRUE,Pending,TRUE
user_839,TRUE,TRUE,Failed,FALSE
user_840,TRUE,FALSE,Pending,FALSE
user_841,FALSE,TRUE,Completed,FALSE
user_842,TRUE,TRUE,Failed,FALSE
user_843,FALSE,FALSE,Pending,FALSE
user_844,TRUE,TRUE,Completed,FALSE
user_845,FALSE,TRUE,Completed,FALSE
user_846,TRUE,TRUE,Failed,FALSE
user_847,TRUE,TRUE,Failed,FALSE
user_848,FALSE,TRUE,Pending,FALSE
user_849,TRUE,TRUE,Pending,FALSE
user_850,TRUE,TRUE,Pending,FALSE
user_851,TRUE,TRUE,Pending,FALSE
user_852,TRUE,TRUE,Failed,TRUE
user_853,TRUE,TRUE,Completed,FALSE
user_854,FALSE,TRUE,Completed,FALSE
user_855,TRUE,FALSE,Pending,FALSE
user_856,TRUE,TRUE,Failed,FALSE
user_857,TRUE,TRUE,Pending,TRUE
user_858,FALSE,TRUE,Pending,FALSE
user_859,FALSE,TRUE,Failed,TRUE
user_860,TRUE,TRUE,Completed,TRUE
user_861,TRUE,FALSE,Completed,FALSE
user_862,TRUE,TRUE,Pending,FALSE
user_863,FALSE,FALSE,Failed,FALSE
user_864,FALSE,FALSE,Completed,FALSE
user_865,FALSE,TRUE,Completed,TRUE
user_866,TRUE,TRUE,Failed,FALSE
user_867,TRUE,TRUE,Failed,FALSE
user_868,TRUE,TRUE,Completed,TRUE
user_869,TRUE,TRUE,Pending,FALSE
user_870,TRUE,FALSE,Pending,FALSE
user_871,TRUE,TRUE,Completed,FALSE
user_872,FALSE,TRUE,Pending,FALSE
user_873,TRUE,TRUE,Pending,FALSE
user_874,FALSE,FALSE,Failed,FALSE
user_875,TRUE,TRUE,Failed,FALSE
user_876,FALSE,FALSE,Failed,TRUE
user_877,FALSE,FALSE,Pending,FALSE
user_878,FALSE,TRUE,Failed,TRUE
user_879,FALSE,TRUE,Failed,FALSE
user_880,FALSE,TRUE,Completed,FALSE
user_881,TRUE,TRUE,Failed,FALSE
user_882,TRUE,TRUE,Completed,TRUE
user_883,FALSE,TRUE,Pending,FALSE
user_884,FALSE,TRUE,Failed,TRUE
user_885,FALSE,TRUE,Completed,FALSE
user_886,TRUE,TRUE,Completed,FALSE
user_887,TRUE,TRUE,Completed,FALSE
user_888,FALSE,TRUE,Pending,TRUE
user_889,FALSE,FALSE,Failed,FALSE
user_890,TRUE,TRUE,Pending,FALSE
user_891,TRUE,TRUE,Completed,FALSE
user_892,TRUE,TRUE,Pending,FALSE
user_893,TRUE,FALSE,Pending,TRUE
user_894,TRUE,TRUE,Completed,FALSE
user_895,TRUE,TRUE,Failed,FALSE
user_896,FALSE,TRUE,Failed,FALSE
user_897,TRUE,TRUE,Pending,FALSE
user_898,TRUE,FALSE,Failed,TRUE
user_899,FALSE,TRUE,Completed,FALSE
user_900,FALSE,TRUE,Failed,TRUE
user_901,FALSE,TRUE,Pending,FALSE
user_902,TRUE,TRUE,Completed,FALSE
user_903,FALSE,TRUE,Completed,FALSE
user_904,TRUE,TRUE,Completed,FALSE
user_905,FALSE,TRUE,Pending,TRUE
user_906,FALSE,TRUE,Pending,TRUE
user_907,TRUE,TRUE,Failed,TRUE
user_908,TRUE,FALSE,Pending,TRUE
user_909,TRUE,TRUE,Completed,FALSE
user_910,FALSE,TRUE,Pending,TRUE
user_911,TRUE,TRUE,Pending,FALSE
user_912,FALSE,TRUE,Failed,FALSE
user_913,TRUE,FALSE,Completed,FALSE
user_914,TRUE,TRUE,Failed,FALSE
user_915,FALSE,FALSE,Failed,FALSE
user_916,FALSE,TRUE,Failed,TRUE
user_917,FALSE,FALSE,Completed,FALSE
user_918,TRUE,TRUE,Failed,FALSE
user_919,TRUE,TRUE,Completed,FALSE
user_920,TRUE,TRUE,Failed,TRUE
user_921,TRUE,TRUE,Failed,FALSE
user_922,TRUE,TRUE,Completed,TRUE
user_923,FALSE,FALSE,Pending,FALSE
user_924,TRUE,TRUE,Failed,FALSE
user_925,TRUE,TRUE,Pending,FALSE
user_926,TRUE,FALSE,Failed,FALSE
user_927,TRUE,TRUE,Pending,FALSE
user_928,FALSE,TRUE,Pending,FALSE
user_929,TRUE,TRUE,Pending,TRUE
user_930,TRUE,TRUE,Pending,FALSE
user_931,TRUE,FALSE,Pending,FALSE
user_932,FALSE,FALSE,Completed,TRUE
user_933,FALSE,TRUE,Pending,FALSE
user_934,FALSE,TRUE,Completed,TRUE
user_935,TRUE,TRUE,Failed,TRUE
user_936,TRUE,FALSE,Completed,FALSE
user_937,FALSE,TRUE,Pending,FALSE
user_938,FALSE,TRUE,Completed,TRUE
user_939,FALSE,TRUE,Pending,FALSE
user_940,FALSE,TRUE,Completed,FALSE
user_941,TRUE,TRUE,Failed,TRUE
user_942,FALSE,FALSE,Pending,FALSE
user_943,FALSE,TRUE,Pending,FALSE
user_944,FALSE,FALSE,Completed,TRUE
user_945,TRUE,TRUE,Completed,FALSE
user_946,TRUE,FALSE,Completed,TRUE
user_947,TRUE,TRUE,Completed,FALSE
user_948,TRUE,TRUE,Completed,FALSE
user_949,TRUE,TRUE,Pending,TRUE
user_950,FALSE,TRUE,Failed,FALSE
user_951,TRUE,FALSE,Completed,FALSE
user_952,TRUE,TRUE,Pending,FALSE
user_953,TRUE,TRUE,Failed,FALSE
user_954,TRUE,FALSE,Failed,TRUE
user_955,FALSE,FALSE,Completed,FALSE
user_956,TRUE,TRUE,Pending,FALSE
user_957,TRUE,FALSE,Pending,FALSE
user_958,FALSE,TRUE,Pending,FALSE
user_959,FALSE,TRUE,Pending,FALSE
user_960,TRUE,TRUE,Pending,FALSE
user_961,FALSE,TRUE,Failed,FALSE
user_962,FALSE,TRUE,Failed,FALSE
user_963,FALSE,TRUE,Failed,FALSE
user_964,TRUE,TRUE,Pending,TRUE
user_965,FALSE,FALSE,Failed,FALSE
user_966,TRUE,TRUE,Failed,FALSE
user_967,TRUE,FALSE,Completed,FALSE
user_968,TRUE,TRUE,Failed,FALSE
user_969,TRUE,TRUE,Completed,TRUE
user_970,FALSE,TRUE,Pending,FALSE
user_971,TRUE,TRUE,Pending,TRUE
user_972,TRUE,FALSE,Pending,FALSE
user_973,TRUE,TRUE,Pending,FALSE
user_974,TRUE,TRUE,Failed,FALSE
user_975,FALSE,FALSE,Completed,FALSE
user_976,TRUE,TRUE,Pending,FALSE
user_977,FALSE,TRUE,Pending,FALSE
user_978,FALSE,TRUE,Completed,FALSE
user_979,FALSE,FALSE,Completed,TRUE
user_980,FALSE,FALSE,Completed,FALSE
user_981,TRUE,TRUE,Completed,FALSE
user_982,FALSE,TRUE,Completed,FALSE
user_983,FALSE,FALSE,Failed,FALSE
user_984,FALSE,TRUE,Completed,FALSE
user_985,FALSE,FALSE,Failed,TRUE
user_986,FALSE,TRUE,Completed,TRUE
user_987,FALSE,FALSE,Completed,FALSE
user_988,FALSE,TRUE,Pending,TRUE
user_989,TRUE,TRUE,Pending,TRUE
user_990,TRUE,TRUE,Pending,FALSE
user_991,TRUE,TRUE,Pending,FALSE
user_992,TRUE,FALSE,Pending,FALSE
user_993,FALSE,TRUE,Pending,TRUE
user_994,FALSE,FALSE,Completed,FALSE
user_995,FALSE,TRUE,Completed,FALSE
user_996,FALSE,TRUE,Pending,FALSE
user_997,TRUE,TRUE,Pending,FALSE
user_998,FALSE,TRUE,Pending,FALSE
user_999,TRUE,TRUE,Completed,FALSE
user_1000,TRUE,TRUE,Pending,FALSE
