user_id,loan_requested,loan_approved,repayment_behavior,credit_utilization_pct,previous_loans_count
user_1,8903,FALSE,Early,86,1
user_2,6105,TRUE,Early,37,2
user_3,8702,TRUE,Defaulted,52,4
user_4,3914,TRUE,Late,27,1
user_5,6156,TRUE,Early,76,0
user_6,9298,FALSE,Late,28,3
user_7,4168,TRUE,Late,71,0
user_8,3599,TRUE,Early,10,2
user_9,6716,TRUE,Late,46,3
user_10,3235,FALSE,On-Time,44,0
user_11,3799,TRUE,Early,17,0
user_12,8013,TRUE,Early,49,0
user_13,6473,TRUE,Early,88,3
user_14,1018,TRUE,Defaulted,48,0
user_15,1858,TRUE,Defaulted,21,0
user_16,6380,TRUE,Defaulted,44,2
user_17,4032,TRUE,Defaulted,60,0
user_18,5505,TRUE,Early,98,0
user_19,6789,TRUE,On-Time,92,4
user_20,3531,TRUE,Late,20,3
user_21,8471,TRUE,Late,70,4
user_22,5719,TRUE,Early,60,2
user_23,5863,TRUE,On-Time,75,4
user_24,5038,FALSE,Late,35,1
user_25,3452,TRUE,On-Time,23,3
user_26,3846,TRUE,Early,31,0
user_27,9064,TRUE,Defaulted,90,4
user_28,7622,TRUE,On-Time,95,4
user_29,9896,TRUE,Late,58,0
user_30,4462,TRUE,Late,95,0
user_31,2159,TRUE,Late,95,2
user_32,5626,FALSE,Defaulted,89,4
user_33,8056,TRUE,On-Time,74,4
user_34,4722,TRUE,On-Time,81,1
user_35,4560,FALSE,Late,4,1
user_36,7117,TRUE,On-Time,15,4
user_37,7589,FALSE,Late,10,1
user_38,7849,TRUE,On-Time,34,4
user_39,3243,TRUE,Defaulted,74,3
user_40,9177,TRUE,Defaulted,41,2
user_41,2760,FALSE,Early,86,1
user_42,6442,FALSE,Early,97,4
user_43,8679,TRUE,Early,80,1
user_44,3675,TRUE,On-Time,9,2
user_45,8124,TRUE,Defaulted,81,3
user_46,6781,TRUE,Defaulted,7,0
user_47,4236,FALSE,Defaulted,25,0
user_48,6898,TRUE,Late,2,1
user_49,9235,TRUE,On-Time,58,4
user_50,9680,FALSE,On-Time,87,2
user_51,5276,FALSE,Early,2,3
user_52,5723,TRUE,Late,37,3
user_53,6644,TRUE,Late,1,3
user_54,2115,FALSE,Defaulted,98,0
user_55,2781,TRUE,Early,16,2
user_56,9842,TRUE,On-Time,72,0
user_57,2876,TRUE,Late,35,1
user_58,6363,FALSE,Defaulted,85,3
user_59,9532,TRUE,On-Time,94,2
user_60,4375,TRUE,Defaulted,97,3
user_61,3750,TRUE,On-Time,87,0
user_62,4276,FALSE,Defaulted,72,0
user_63,1448,FALSE,On-Time,1,0
user_64,6537,FALSE,Early,84,3
user_65,5172,TRUE,On-Time,33,2
user_66,9989,FALSE,On-Time,26,2
user_67,4496,FALSE,On-Time,36,1
user_68,3182,FALSE,Defaulted,70,3
user_69,4326,FALSE,Late,21,1
user_70,9837,TRUE,On-Time,67,1
user_71,1719,TRUE,On-Time,13,1
user_72,2522,FALSE,Early,97,1
user_73,7756,FALSE,On-Time,22,0
user_74,7627,TRUE,Early,43,1
user_75,2069,TRUE,On-Time,88,2
user_76,6562,TRUE,Defaulted,64,1
user_77,8749,TRUE,Late,78,0
user_78,5887,TRUE,Late,95,4
user_79,5674,FALSE,Late,77,4
user_80,3156,TRUE,Defaulted,60,4
user_81,8944,TRUE,Early,84,3
user_82,5139,TRUE,Late,54,2
user_83,6629,TRUE,Defaulted,70,0
user_84,8087,TRUE,Defaulted,99,4
user_85,6078,TRUE,On-Time,84,0
user_86,7405,TRUE,Early,49,0
user_87,7871,TRUE,Defaulted,11,3
user_88,1632,TRUE,Early,78,4
user_89,3199,TRUE,Late,14,1
user_90,6353,TRUE,Late,16,0
user_91,3910,TRUE,Late,33,4
user_92,1622,FALSE,On-Time,34,0
user_93,7073,TRUE,On-Time,38,3
user_94,1360,FALSE,Early,77,3
user_95,7365,TRUE,Early,54,1
user_96,9401,FALSE,On-Time,58,3
user_97,4943,TRUE,Defaulted,4,4
user_98,5869,TRUE,Early,29,3
user_99,9128,TRUE,Early,3,1
user_100,1877,TRUE,Late,14,2
user_101,5795,TRUE,Early,34,0
user_102,8791,TRUE,Early,73,0
user_103,3523,FALSE,Defaulted,54,4
user_104,7270,TRUE,Early,65,1
user_105,9583,TRUE,Defaulted,59,1
user_106,7623,TRUE,Late,23,1
user_107,6088,FALSE,On-Time,91,0
user_108,8564,TRUE,Late,21,3
user_109,8066,TRUE,Defaulted,43,0
user_110,7545,TRUE,Defaulted,31,0
user_111,3321,TRUE,Early,94,0
user_112,9149,FALSE,Early,82,3
user_113,9125,FALSE,On-Time,50,2
user_114,9330,TRUE,Defaulted,84,4
user_115,9294,TRUE,Defaulted,2,2
user_116,6333,TRUE,Late,69,2
user_117,9675,TRUE,On-Time,31,0
user_118,8858,TRUE,Late,1,2
user_119,5319,TRUE,Early,87,0
user_120,6389,TRUE,Early,58,0
user_121,2848,FALSE,Late,90,4
user_122,4205,TRUE,Early,72,1
user_123,3161,FALSE,Late,76,0
user_124,2464,FALSE,Defaulted,13,2
user_125,1643,FALSE,Defaulted,50,4
user_126,6351,TRUE,Early,10,2
user_127,5553,FALSE,On-Time,77,1
user_128,7518,FALSE,Defaulted,79,3
user_129,6723,TRUE,Early,9,1
user_130,8946,TRUE,On-Time,83,4
user_131,1610,TRUE,Early,79,1
user_132,5302,FALSE,Late,57,1
user_133,2543,FALSE,Early,33,4
user_134,2466,FALSE,Late,79,4
user_135,7236,FALSE,Defaulted,77,2
user_136,2181,TRUE,Defaulted,52,0
user_137,3146,TRUE,Early,27,3
user_138,3272,TRUE,On-Time,17,3
user_139,5536,TRUE,Early,25,3
user_140,1719,TRUE,Early,6,1
user_141,5680,FALSE,Defaulted,44,4
user_142,4472,FALSE,Defaulted,97,4
user_143,4642,TRUE,Early,44,4
user_144,1063,TRUE,Defaulted,70,0
user_145,1559,TRUE,Late,96,4
user_146,8446,TRUE,Early,34,4
user_147,2733,TRUE,Defaulted,51,1
user_148,9861,TRUE,Early,20,2
user_149,4894,FALSE,Defaulted,27,3
user_150,2542,FALSE,Late,95,1
user_151,3415,FALSE,Late,43,1
user_152,7090,TRUE,Early,79,1
user_153,6217,TRUE,Late,55,3
user_154,6387,TRUE,Late,9,1
user_155,6179,FALSE,Defaulted,22,2
user_156,9187,FALSE,Early,47,4
user_157,7643,TRUE,Defaulted,51,2
user_158,8660,FALSE,Defaulted,14,4
user_159,3458,TRUE,On-Time,54,4
user_160,7028,TRUE,Late,42,1
user_161,6447,FALSE,Defaulted,49,1
user_162,5559,FALSE,Defaulted,5,3
user_163,3749,TRUE,Defaulted,32,0
user_164,2948,TRUE,Late,61,2
user_165,7306,TRUE,Late,54,3
user_166,9251,TRUE,Late,38,3
user_167,9092,FALSE,Early,11,2
user_168,9524,TRUE,Defaulted,99,2
user_169,1189,TRUE,Late,30,4
user_170,7008,TRUE,Defaulted,73,0
user_171,8482,FALSE,Early,52,1
user_172,1295,FALSE,On-Time,33,0
user_173,9368,FALSE,Early,40,0
user_174,9168,TRUE,Late,9,1
user_175,1799,FALSE,Late,51,0
user_176,9997,TRUE,Early,74,3
user_177,8003,TRUE,Defaulted,56,3
user_178,9406,FALSE,Late,77,1
user_179,3700,TRUE,Late,2,1
user_180,9788,TRUE,Early,56,2
user_181,6873,TRUE,Defaulted,32,2
user_182,5714,TRUE,Early,6,0
user_183,7491,TRUE,Early,3,0
user_184,9333,FALSE,Defaulted,38,1
user_185,3839,TRUE,Defaulted,47,0
user_186,4513,TRUE,On-Time,73,4
user_187,2135,FALSE,Early,78,3
user_188,7357,FALSE,Defaulted,15,0
user_189,3247,TRUE,Late,37,0
user_190,7548,TRUE,On-Time,3,2
user_191,5516,TRUE,Early,3,4
user_192,5102,TRUE,Defaulted,99,0
user_193,2548,TRUE,On-Time,26,3
user_194,7532,TRUE,On-Time,85,0
user_195,5511,TRUE,Late,85,1
user_196,3831,TRUE,On-Time,16,4
user_197,4062,TRUE,Early,97,0
user_198,8975,TRUE,Defaulted,95,4
user_199,4052,TRUE,On-Time,69,0
user_200,8210,TRUE,On-Time,53,3
user_201,4539,TRUE,Early,96,3
user_202,1526,TRUE,Late,7,4
user_203,3807,TRUE,Late,52,2
user_204,2753,FALSE,Defaulted,99,2
user_205,7882,TRUE,Early,4,1
user_206,2654,TRUE,Late,68,2
user_207,5841,TRUE,Defaulted,46,4
user_208,5041,TRUE,Defaulted,73,2
user_209,6024,FALSE,Late,39,1
user_210,9965,TRUE,Early,6,0
user_211,9734,TRUE,On-Time,11,2
user_212,5417,TRUE,Late,93,4
user_213,9977,FALSE,On-Time,24,4
user_214,5635,FALSE,On-Time,27,1
user_215,3883,TRUE,Early,42,1
user_216,6884,TRUE,Early,76,3
user_217,1448,FALSE,Defaulted,46,3
user_218,4310,FALSE,Early,48,3
user_219,5585,TRUE,Defaulted,85,0
user_220,9108,TRUE,Late,53,4
user_221,5409,TRUE,On-Time,17,3
user_222,8873,TRUE,Early,26,4
user_223,7051,TRUE,Late,71,1
user_224,9576,TRUE,Defaulted,5,0
user_225,1294,FALSE,Early,74,1
user_226,2238,TRUE,On-Time,92,4
user_227,9041,FALSE,Late,68,3
user_228,3816,TRUE,Early,70,1
user_229,2098,FALSE,Early,21,2
user_230,2737,TRUE,Late,58,0
user_231,3189,TRUE,Defaulted,46,4
user_232,3765,TRUE,Defaulted,67,3
user_233,2222,TRUE,Early,31,1
user_234,7549,FALSE,Defaulted,82,0
user_235,1410,TRUE,Defaulted,96,3
user_236,3945,TRUE,Late,0,1
user_237,9102,TRUE,Defaulted,53,4
user_238,5786,FALSE,Defaulted,45,2
user_239,1786,TRUE,Late,40,2
user_240,3109,TRUE,Early,40,4
user_241,6446,TRUE,Early,7,0
user_242,6835,TRUE,Late,31,4
user_243,2986,FALSE,On-Time,29,1
user_244,9126,TRUE,Late,45,0
user_245,8300,TRUE,On-Time,91,2
user_246,6709,TRUE,Defaulted,51,1
user_247,3403,TRUE,Early,95,3
user_248,9262,TRUE,On-Time,88,3
user_249,5401,TRUE,On-Time,97,3
user_250,7701,TRUE,Defaulted,60,2
user_251,4295,TRUE,Early,96,4
user_252,9953,TRUE,Defaulted,12,0
user_253,3121,TRUE,Early,88,2
user_254,4582,TRUE,Early,39,1
user_255,5197,FALSE,Defaulted,60,1
user_256,6700,FALSE,On-Time,43,3
user_257,8232,TRUE,Late,61,0
user_258,5288,TRUE,Early,43,3
user_259,2085,TRUE,Early,47,1
user_260,9645,FALSE,Late,73,1
user_261,3621,FALSE,Late,58,4
user_262,9810,TRUE,Defaulted,56,4
user_263,9828,TRUE,Early,94,4
user_264,3348,TRUE,Defaulted,10,3
user_265,5874,TRUE,Late,24,0
user_266,4036,FALSE,Defaulted,60,4
user_267,3349,TRUE,Early,45,2
user_268,6743,FALSE,On-Time,53,4
user_269,5432,TRUE,On-Time,33,3
user_270,7175,TRUE,Early,83,0
user_271,8265,TRUE,Defaulted,6,4
user_272,7103,TRUE,Late,96,0
user_273,8358,FALSE,Late,61,2
user_274,3031,TRUE,On-Time,56,1
user_275,2249,TRUE,Defaulted,98,0
user_276,7808,TRUE,Late,92,4
user_277,4556,TRUE,Late,75,3
user_278,9519,TRUE,Early,4,3
user_279,9988,FALSE,Defaulted,75,3
user_280,6299,TRUE,Defaulted,92,3
user_281,4094,TRUE,Late,34,0
user_282,3977,FALSE,Defaulted,83,3
user_283,1962,TRUE,Defaulted,36,1
user_284,6725,TRUE,Defaulted,59,2
user_285,6489,TRUE,Early,64,0
user_286,2268,TRUE,Late,15,0
user_287,6279,FALSE,On-Time,29,3
user_288,1372,TRUE,Defaulted,72,3
user_289,5380,TRUE,Late,41,0
user_290,8617,TRUE,On-Time,60,3
user_291,7279,TRUE,Early,73,3
user_292,1095,TRUE,Late,76,3
user_293,5369,TRUE,Early,47,3
user_294,4941,FALSE,Late,61,3
user_295,8021,TRUE,Early,83,4
user_296,4944,TRUE,Late,92,4
user_297,6868,TRUE,Early,63,4
user_298,6396,TRUE,On-Time,56,0
user_299,9041,TRUE,Late,67,2
user_300,1131,TRUE,On-Time,45,0
user_301,8290,TRUE,Defaulted,27,4
user_302,7516,TRUE,On-Time,76,0
user_303,6906,TRUE,Late,2,2
user_304,1807,TRUE,On-Time,36,3
user_305,1050,TRUE,Late,47,1
user_306,6277,FALSE,Early,18,4
user_307,1055,TRUE,Defaulted,91,4
user_308,4664,FALSE,On-Time,82,2
user_309,1743,TRUE,Defaulted,16,3
user_310,7030,FALSE,On-Time,81,3
user_311,9131,TRUE,Late,81,1
user_312,1079,TRUE,On-Time,86,3
user_313,3966,FALSE,Defaulted,39,2
user_314,4728,TRUE,On-Time,49,3
user_315,5536,TRUE,Defaulted,72,2
user_316,1125,FALSE,Defaulted,28,4
user_317,6813,TRUE,Late,50,4
user_318,9410,TRUE,Early,41,4
user_319,1947,TRUE,Early,28,0
user_320,1594,TRUE,On-Time,65,4
user_321,6030,TRUE,Defaulted,16,2
user_322,1140,FALSE,Late,30,1
user_323,4055,TRUE,Early,91,3
user_324,5205,FALSE,Late,51,4
user_325,6171,TRUE,Late,38,0
user_326,8782,FALSE,Defaulted,59,0
user_327,3660,TRUE,On-Time,93,2
user_328,7856,FALSE,Defaulted,98,1
user_329,7089,TRUE,Early,50,4
user_330,6318,FALSE,Early,83,4
user_331,3552,TRUE,Late,15,0
user_332,4611,TRUE,Defaulted,97,2
user_333,9062,TRUE,Defaulted,13,0
user_334,2040,TRUE,Late,89,0
user_335,9506,TRUE,On-Time,83,1
user_336,8603,TRUE,Late,41,2
user_337,5172,TRUE,Late,50,1
user_338,3946,TRUE,Early,23,2
user_339,4236,TRUE,Defaulted,81,4
user_340,4680,TRUE,Early,42,3
user_341,5807,FALSE,Late,72,3
user_342,2537,FALSE,Defaulted,18,2
user_343,4872,TRUE,Late,83,3
user_344,2867,TRUE,Late,60,0
user_345,2161,TRUE,On-Time,93,4
user_346,4920,FALSE,Early,62,4
user_347,6693,TRUE,Early,25,3
user_348,4882,TRUE,Late,94,2
user_349,8738,TRUE,On-Time,34,0
user_350,9456,FALSE,Late,66,2
user_351,7331,TRUE,Late,55,3
user_352,6182,TRUE,Late,39,4
user_353,2526,TRUE,On-Time,28,4
user_354,9131,TRUE,Defaulted,5,2
user_355,5394,TRUE,On-Time,51,1
user_356,2158,TRUE,Late,0,2
user_357,5367,FALSE,Defaulted,51,1
user_358,5630,TRUE,Late,23,2
user_359,4513,FALSE,On-Time,33,1
user_360,2144,TRUE,On-Time,6,1
user_361,1068,TRUE,Defaulted,74,1
user_362,4717,FALSE,On-Time,10,1
user_363,5723,TRUE,Late,35,0
user_364,5213,TRUE,Defaulted,19,1
user_365,7413,FALSE,Early,62,1
user_366,4466,TRUE,Late,79,4
user_367,4026,TRUE,Early,62,0
user_368,7998,FALSE,Defaulted,68,1
user_369,3747,TRUE,Defaulted,87,3
user_370,8271,TRUE,Late,29,0
user_371,7171,FALSE,On-Time,29,4
user_372,4855,TRUE,Late,96,2
user_373,9753,TRUE,On-Time,83,4
user_374,3203,FALSE,On-Time,21,4
user_375,4419,TRUE,Late,60,0
user_376,2144,FALSE,Defaulted,20,0
user_377,3699,FALSE,Late,36,3
user_378,1560,TRUE,Early,26,3
user_379,2187,TRUE,Defaulted,34,0
user_380,4133,TRUE,On-Time,37,0
user_381,4411,TRUE,Defaulted,59,0
user_382,2689,FALSE,Late,69,2
user_383,5407,TRUE,Defaulted,31,4
user_384,3423,TRUE,On-Time,79,3
user_385,2369,TRUE,On-Time,91,3
user_386,7007,FALSE,Defaulted,79,1
user_387,7728,TRUE,Early,26,2
user_388,9772,FALSE,On-Time,2,0
user_389,1976,TRUE,Early,48,0
user_390,5272,FALSE,On-Time,84,2
user_391,7497,TRUE,Defaulted,29,3
user_392,1118,TRUE,On-Time,21,0
user_393,2542,FALSE,Early,18,1
user_394,5862,TRUE,Early,30,3
user_395,4043,TRUE,Defaulted,19,4
user_396,1972,FALSE,Early,18,2
user_397,1915,TRUE,Early,1,3
user_398,7621,TRUE,Defaulted,39,4
user_399,1586,TRUE,On-Time,38,1
user_400,9542,FALSE,Defaulted,90,2
user_401,6625,TRUE,On-Time,71,0
user_402,8354,TRUE,On-Time,53,0
user_403,5591,TRUE,On-Time,26,4
user_404,3562,TRUE,Late,78,3
user_405,7839,FALSE,On-Time,11,1
user_406,9464,TRUE,Defaulted,77,4
user_407,3927,TRUE,Defaulted,70,1
user_408,7195,TRUE,Defaulted,16,1
user_409,7276,TRUE,Late,89,1
user_410,5290,FALSE,Early,83,2
user_411,6882,TRUE,Late,9,4
user_412,7446,TRUE,Defaulted,18,2
user_413,6167,TRUE,Defaulted,81,3
user_414,2522,FALSE,Early,29,3
user_415,1561,TRUE,Late,29,0
user_416,4540,TRUE,Defaulted,24,0
user_417,2479,FALSE,On-Time,87,0
user_418,7677,FALSE,On-Time,73,3
user_419,2205,FALSE,Defaulted,65,1
user_420,7660,TRUE,On-Time,95,1
user_421,9848,FALSE,Early,34,4
user_422,1589,TRUE,Defaulted,50,3
user_423,5326,TRUE,Late,70,0
user_424,5904,TRUE,Defaulted,70,3
user_425,7421,TRUE,Early,26,1
user_426,4759,FALSE,Late,9,1
user_427,9939,TRUE,Early,96,2
user_428,9655,FALSE,On-Time,42,2
user_429,9945,FALSE,On-Time,54,4
user_430,6936,TRUE,On-Time,70,3
user_431,9774,FALSE,Early,5,2
user_432,3205,TRUE,Early,5,2
user_433,5114,TRUE,Defaulted,76,3
user_434,5027,FALSE,Late,47,1
user_435,5816,TRUE,Late,76,4
user_436,8188,TRUE,Early,1,4
user_437,3808,TRUE,Early,82,4
user_438,4603,FALSE,On-Time,50,2
user_439,4913,TRUE,Early,60,1
user_440,2419,TRUE,On-Time,18,4
user_441,3167,TRUE,Early,1,3
user_442,3144,FALSE,Late,50,4
user_443,3167,TRUE,Defaulted,25,0
user_444,6891,TRUE,Early,69,1
user_445,7536,TRUE,On-Time,19,0
user_446,2166,TRUE,Defaulted,22,1
user_447,4575,TRUE,On-Time,53,3
user_448,3841,TRUE,On-Time,14,2
user_449,2870,TRUE,Defaulted,5,2
user_450,3886,TRUE,Defaulted,91,1
user_451,1159,TRUE,Defaulted,34,4
user_452,8243,TRUE,Early,74,0
user_453,4763,TRUE,Defaulted,7,3
user_454,2055,TRUE,Early,56,4
user_455,1333,TRUE,Late,49,2
user_456,4596,TRUE,Late,48,4
user_457,8607,TRUE,On-Time,87,0
user_458,2362,TRUE,On-Time,20,2
user_459,1925,TRUE,Early,35,1
user_460,6519,TRUE,On-Time,70,3
user_461,3443,FALSE,Late,68,3
user_462,4980,TRUE,Early,57,2
user_463,8260,FALSE,Early,62,1
user_464,2419,TRUE,Defaulted,92,0
user_465,1059,TRUE,Early,15,3
user_466,3524,FALSE,On-Time,5,2
user_467,4797,TRUE,Late,77,3
user_468,2578,TRUE,On-Time,51,1
user_469,8201,FALSE,Late,1,0
user_470,1707,TRUE,Defaulted,88,1
user_471,9165,TRUE,Late,94,4
user_472,6277,TRUE,Defaulted,76,1
user_473,2780,FALSE,On-Time,17,1
user_474,3413,FALSE,Defaulted,80,3
user_475,8750,TRUE,Early,91,1
user_476,3161,TRUE,Early,75,2
user_477,9800,FALSE,Late,34,3
user_478,1308,TRUE,On-Time,85,3
user_479,6439,TRUE,On-Time,38,4
user_480,5307,TRUE,Late,0,2
user_481,3364,TRUE,Early,36,1
user_482,1184,TRUE,Defaulted,20,4
user_483,6324,FALSE,Late,0,2
user_484,6483,FALSE,Defaulted,3,4
user_485,1245,TRUE,Defaulted,95,0
user_486,9430,TRUE,On-Time,57,1
user_487,9183,TRUE,Early,0,4
user_488,6924,TRUE,Defaulted,12,0
user_489,1519,TRUE,Early,45,1
user_490,4907,TRUE,On-Time,46,4
user_491,1276,TRUE,Late,80,4
user_492,6101,TRUE,Late,75,4
user_493,9797,TRUE,On-Time,6,4
user_494,5573,TRUE,On-Time,50,3
user_495,5603,TRUE,Defaulted,2,4
user_496,5053,TRUE,On-Time,49,3
user_497,7812,FALSE,Late,25,3
user_498,7073,FALSE,Early,30,0
user_499,1141,TRUE,Early,99,1
user_500,2717,TRUE,Early,61,3
user_501,8313,TRUE,Early,25,2
user_502,6714,TRUE,On-Time,66,3
user_503,1399,TRUE,On-Time,54,2
user_504,5763,FALSE,Early,27,0
user_505,7255,TRUE,On-Time,43,2
user_506,1238,TRUE,Defaulted,80,0
user_507,4215,TRUE,On-Time,37,0
user_508,8541,TRUE,Defaulted,29,0
user_509,4647,TRUE,Defaulted,65,2
user_510,6408,TRUE,On-Time,7,2
user_511,7340,TRUE,Early,13,0
user_512,3429,TRUE,Defaulted,98,0
user_513,4652,FALSE,On-Time,61,1
user_514,7307,TRUE,Late,74,0
user_515,6140,TRUE,Early,62,4
user_516,3878,TRUE,Late,78,1
user_517,2535,TRUE,Defaulted,65,1
user_518,9727,TRUE,Late,95,1
user_519,7254,TRUE,On-Time,39,4
user_520,1948,TRUE,Early,12,1
user_521,4941,TRUE,Defaulted,16,1
user_522,7603,TRUE,On-Time,14,2
user_523,9625,TRUE,Early,32,2
user_524,2403,TRUE,Defaulted,15,0
user_525,8819,TRUE,Defaulted,12,0
user_526,4511,TRUE,Defaulted,85,3
user_527,3935,TRUE,Defaulted,22,4
user_528,5878,TRUE,Late,35,2
user_529,8506,TRUE,Late,42,0
user_530,8591,FALSE,Late,49,4
user_531,6060,TRUE,Defaulted,73,1
user_532,4333,FALSE,Late,80,4
user_533,2602,TRUE,Early,93,2
user_534,9420,TRUE,Defaulted,12,3
user_535,3196,TRUE,Early,29,2
user_536,1110,TRUE,Early,56,0
user_537,7023,TRUE,Late,29,0
user_538,5159,TRUE,Defaulted,70,4
user_539,4867,FALSE,Late,9,2
user_540,8641,TRUE,Late,98,0
user_541,6004,TRUE,Late,65,1
user_542,9204,FALSE,Defaulted,93,1
user_543,8077,FALSE,Defaulted,82,3
user_544,4261,TRUE,Late,38,4
user_545,1662,TRUE,Early,36,0
user_546,9885,TRUE,Early,2,3
user_547,4390,TRUE,Defaulted,88,1
user_548,4018,TRUE,On-Time,33,3
user_549,2902,TRUE,Late,85,3
user_550,5171,TRUE,Late,37,0
user_551,1328,FALSE,On-Time,13,0
user_552,7295,FALSE,Defaulted,63,0
user_553,4846,TRUE,Early,38,4
user_554,1224,TRUE,Defaulted,53,3
user_555,3520,TRUE,Early,1,3
user_556,9064,TRUE,Early,95,4
user_557,4714,TRUE,Defaulted,42,1
user_558,3407,FALSE,Late,52,2
user_559,7683,TRUE,Late,2,1
user_560,1810,TRUE,Late,40,4
user_561,7752,TRUE,Early,7,3
user_562,4117,FALSE,Late,89,3
user_563,5773,FALSE,Early,95,0
user_564,4290,FALSE,Late,74,0
user_565,3251,TRUE,Defaulted,62,3
user_566,5661,TRUE,On-Time,64,3
user_567,5606,TRUE,Early,78,0
user_568,7421,TRUE,Defaulted,3,0
user_569,4052,FALSE,Early,67,1
user_570,9207,TRUE,Early,91,3
user_571,5451,TRUE,Defaulted,9,3
user_572,5925,TRUE,Late,74,4
user_573,3646,TRUE,Early,49,1
user_574,3906,TRUE,On-Time,22,2
user_575,2746,TRUE,On-Time,60,2
user_576,5309,TRUE,Defaulted,46,2
user_577,1448,TRUE,On-Time,2,0
user_578,4012,FALSE,Defaulted,16,2
user_579,2568,TRUE,Defaulted,21,4
user_580,4491,TRUE,Early,90,0
user_581,8310,TRUE,Defaulted,15,0
user_582,7883,TRUE,Defaulted,79,2
user_583,6984,FALSE,Late,2,0
user_584,8088,TRUE,Early,51,1
user_585,5768,TRUE,On-Time,32,1
user_586,2064,FALSE,Late,41,2
user_587,4821,FALSE,Late,1,4
user_588,9759,TRUE,Early,38,0
user_589,2436,TRUE,Early,45,3
user_590,7097,TRUE,Late,47,2
user_591,3483,FALSE,Early,26,0
user_592,8719,TRUE,Early,14,2
user_593,5800,TRUE,Defaulted,6,2
user_594,7382,TRUE,Early,56,4
user_595,5829,TRUE,Defaulted,41,3
user_596,7153,FALSE,Late,8,0
user_597,3794,FALSE,Late,5,2
user_598,8612,TRUE,On-Time,56,2
user_599,2097,TRUE,Early,75,0
user_600,2638,TRUE,Late,29,2
user_601,9455,FALSE,Defaulted,54,2
user_602,1160,FALSE,Late,83,2
user_603,6906,FALSE,Early,83,1
user_604,9502,FALSE,On-Time,53,1
user_605,9418,TRUE,On-Time,26,3
user_606,9464,FALSE,Late,83,4
user_607,8081,TRUE,On-Time,58,0
user_608,5412,TRUE,Early,6,4
user_609,4157,TRUE,Early,39,4
user_610,3338,TRUE,On-Time,93,1
user_611,6588,FALSE,Defaulted,71,3
user_612,2601,TRUE,On-Time,1,4
user_613,6888,FALSE,On-Time,13,4
user_614,4718,TRUE,Late,9,2
user_615,6546,TRUE,Defaulted,49,0
user_616,2925,TRUE,On-Time,17,3
user_617,9758,TRUE,Late,17,0
user_618,3915,TRUE,Late,15,1
user_619,7898,TRUE,Late,51,4
user_620,9443,FALSE,Early,68,4
user_621,6652,TRUE,Late,51,0
user_622,4501,TRUE,Late,30,1
user_623,8274,FALSE,Early,83,2
user_624,2602,TRUE,Early,22,2
user_625,8359,TRUE,Late,95,4
user_626,1513,TRUE,On-Time,41,4
user_627,9633,TRUE,Defaulted,80,3
user_628,9192,TRUE,Early,61,0
user_629,7501,TRUE,Defaulted,76,4
user_630,1902,TRUE,Early,49,1
user_631,6719,TRUE,Late,76,0
user_632,9148,TRUE,Early,80,3
user_633,3321,TRUE,Late,14,2
user_634,1855,FALSE,Defaulted,89,3
user_635,2017,TRUE,On-Time,43,0
user_636,6279,TRUE,Late,91,2
user_637,8712,FALSE,Defaulted,41,1
user_638,5680,FALSE,Defaulted,44,2
user_639,8072,FALSE,Early,93,2
user_640,7624,FALSE,Late,34,1
user_641,1195,TRUE,Defaulted,21,4
user_642,5694,TRUE,On-Time,73,4
user_643,5651,TRUE,Early,74,2
user_644,7991,TRUE,Early,37,2
user_645,3697,TRUE,Defaulted,96,3
user_646,2057,TRUE,Late,69,4
user_647,6207,FALSE,Early,63,1
user_648,3792,TRUE,Late,6,2
user_649,1420,TRUE,Defaulted,43,2
user_650,3814,TRUE,Defaulted,75,3
user_651,3840,TRUE,Late,6,3
user_652,2031,FALSE,On-Time,65,3
user_653,8639,FALSE,Early,59,0
user_654,2491,FALSE,Defaulted,0,1
user_655,5975,TRUE,On-Time,61,0
user_656,5947,FALSE,On-Time,86,2
user_657,1509,TRUE,Late,88,3
user_658,2859,FALSE,Late,17,3
user_659,6061,TRUE,Late,6,3
user_660,2858,TRUE,On-Time,53,4
user_661,6607,FALSE,Early,66,1
user_662,3065,TRUE,Late,92,0
user_663,3966,FALSE,Early,9,1
user_664,7773,TRUE,Late,60,3
user_665,8892,FALSE,On-Time,58,2
user_666,5442,FALSE,Early,58,4
user_667,4204,TRUE,Early,68,1
user_668,1575,TRUE,On-Time,62,2
user_669,1198,TRUE,Early,97,3
user_670,8423,FALSE,On-Time,7,3
user_671,2365,TRUE,On-Time,77,3
user_672,8834,TRUE,Defaulted,54,3
user_673,2998,TRUE,Late,5,4
user_674,6350,TRUE,Defaulted,0,4
user_675,7444,TRUE,On-Time,55,1
user_676,2016,TRUE,On-Time,96,3
user_677,4618,FALSE,Early,74,4
user_678,1025,TRUE,On-Time,87,2
user_679,4724,TRUE,On-Time,9,4
user_680,4458,TRUE,On-Time,22,4
user_681,7593,TRUE,Late,15,1
user_682,9662,FALSE,Defaulted,15,4
user_683,8280,TRUE,Defaulted,55,2
user_684,9069,TRUE,Late,94,3
user_685,5746,TRUE,Late,5,0
user_686,8589,FALSE,Late,29,1
user_687,7978,FALSE,Defaulted,62,2
user_688,4041,TRUE,Defaulted,0,1
user_689,8765,TRUE,On-Time,50,3
user_690,6404,TRUE,Defaulted,88,4
user_691,1571,FALSE,Early,45,4
user_692,9796,TRUE,Defaulted,20,2
user_693,5980,FALSE,Late,98,3
user_694,9573,FALSE,Defaulted,37,0
user_695,2236,FALSE,On-Time,68,0
user_696,3380,TRUE,Defaulted,62,4
user_697,8177,TRUE,Late,49,3
user_698,2517,FALSE,Early,11,3
user_699,2533,TRUE,Late,68,2
user_700,6887,TRUE,Early,72,0
user_701,8859,TRUE,On-Time,43,2
user_702,4489,TRUE,On-Time,51,1
user_703,5642,TRUE,Defaulted,8,3
user_704,3150,TRUE,On-Time,98,0
user_705,6319,TRUE,On-Time,64,2
user_706,4766,TRUE,Late,9,4
user_707,5960,TRUE,Late,45,1
user_708,7061,TRUE,Defaulted,99,2
user_709,6857,TRUE,Defaulted,57,4
user_710,5487,FALSE,Defaulted,36,0
user_711,8750,FALSE,Defaulted,51,0
user_712,2077,FALSE,Late,98,1
user_713,2300,FALSE,Defaulted,80,4
user_714,7649,TRUE,Defaulted,12,3
user_715,8181,TRUE,On-Time,5,0
user_716,9138,TRUE,Defaulted,57,3
user_717,3529,TRUE,Early,47,3
user_718,4260,TRUE,On-Time,31,2
user_719,1363,TRUE,Late,10,2
user_720,1845,FALSE,Early,80,0
user_721,4032,TRUE,Defaulted,4,3
user_722,2327,TRUE,On-Time,5,2
user_723,9583,FALSE,Defaulted,73,4
user_724,4255,FALSE,On-Time,96,4
user_725,6136,TRUE,Defaulted,93,4
user_726,8108,FALSE,Early,20,4
user_727,4237,TRUE,Late,41,3
user_728,6668,FALSE,Early,80,4
user_729,7312,TRUE,Early,26,3
user_730,9956,TRUE,Late,2,0
user_731,6465,FALSE,On-Time,59,0
user_732,1498,TRUE,On-Time,92,4
user_733,7062,TRUE,Late,65,4
user_734,3944,TRUE,Defaulted,92,4
user_735,8952,TRUE,On-Time,48,0
user_736,6856,FALSE,Early,99,2
user_737,8838,TRUE,Late,33,0
user_738,7077,TRUE,Early,36,4
user_739,1135,TRUE,On-Time,41,2
user_740,5033,TRUE,Late,64,2
user_741,7700,TRUE,Late,59,1
user_742,5113,TRUE,On-Time,89,3
user_743,7546,FALSE,On-Time,0,4
user_744,9396,TRUE,Late,58,3
user_745,5594,TRUE,Defaulted,3,1
user_746,1561,TRUE,Late,13,3
user_747,6400,TRUE,Defaulted,17,4
user_748,8333,TRUE,Early,33,1
user_749,4314,FALSE,Defaulted,0,3
user_750,4960,FALSE,Defaulted,52,0
user_751,3211,TRUE,On-Time,21,2
user_752,3371,TRUE,Late,79,1
user_753,7974,FALSE,Early,60,0
user_754,3681,TRUE,Late,21,4
user_755,3806,TRUE,Defaulted,49,2
user_756,3255,FALSE,Defaulted,15,1
user_757,7382,FALSE,Defaulted,27,2
user_758,5899,TRUE,Late,91,1
user_759,4159,TRUE,Defaulted,85,1
user_760,6656,TRUE,Late,69,3
user_761,2452,TRUE,Early,88,2
user_762,3322,FALSE,Early,41,2
user_763,8097,TRUE,Late,65,0
user_764,2768,TRUE,Early,70,4
user_765,7096,TRUE,On-Time,80,0
user_766,6185,TRUE,Defaulted,34,3
user_767,2169,TRUE,Defaulted,19,1
user_768,5710,FALSE,Defaulted,1,3
user_769,7590,TRUE,On-Time,6,3
user_770,1386,TRUE,Defaulted,95,0
user_771,3430,TRUE,Late,48,1
user_772,2405,FALSE,Defaulted,82,4
user_773,1123,TRUE,Late,75,3
user_774,4997,TRUE,Early,8,4
user_775,6909,TRUE,Late,26,1
user_776,4896,TRUE,Late,77,1
user_777,9066,FALSE,Late,1,0
user_778,1727,TRUE,Defaulted,84,2
user_779,8039,FALSE,On-Time,67,0
user_780,8715,FALSE,On-Time,59,4
user_781,4670,FALSE,Late,84,0
user_782,2141,TRUE,Defaulted,85,1
user_783,5031,TRUE,On-Time,48,3
user_784,9550,TRUE,Early,1,2
user_785,4742,TRUE,Early,16,1
user_786,3844,FALSE,Defaulted,82,3
user_787,3211,FALSE,Early,87,4
user_788,1972,TRUE,Early,19,4
user_789,1360,TRUE,Early,75,4
user_790,3632,TRUE,On-Time,88,0
user_791,4190,TRUE,Early,86,4
user_792,5948,FALSE,Late,97,4
user_793,2624,TRUE,Late,31,0
user_794,2756,TRUE,Early,50,3
user_795,8818,TRUE,Late,87,1
user_796,6119,FALSE,On-Time,41,2
user_797,7026,TRUE,Defaulted,62,4
user_798,9432,FALSE,Late,88,4
user_799,7975,FALSE,Early,60,4
user_800,1975,TRUE,Defaulted,61,0
user_801,5318,TRUE,Defaulted,2,0
user_802,6923,TRUE,Early,88,0
user_803,3313,TRUE,Late,91,2
user_804,1787,FALSE,On-Time,75,1
user_805,3428,TRUE,Late,25,4
user_806,9747,TRUE,Late,47,3
user_807,7664,TRUE,On-Time,7,4
user_808,8483,TRUE,Defaulted,4,4
user_809,2363,TRUE,On-Time,10,4
user_810,4959,TRUE,On-Time,41,4
user_811,9781,TRUE,Early,98,1
user_812,2749,TRUE,Early,90,3
user_813,7671,TRUE,Late,40,0
user_814,1540,TRUE,Early,18,3
user_815,8634,TRUE,On-Time,47,4
user_816,9482,FALSE,On-Time,52,3
user_817,4935,TRUE,Early,54,4
user_818,4958,TRUE,Early,60,3
user_819,4859,TRUE,Early,31,2
user_820,9050,TRUE,On-Time,45,3
user_821,6331,TRUE,Defaulted,91,0
user_822,9199,FALSE,Defaulted,35,0
user_823,2657,TRUE,Early,17,3
user_824,7185,TRUE,Late,73,3
user_825,5428,TRUE,Late,95,1
user_826,8237,TRUE,Defaulted,17,3
user_827,2039,TRUE,Early,11,0
user_828,3116,TRUE,On-Time,71,2
user_829,9876,FALSE,Late,96,0
user_830,5018,TRUE,Late,45,1
user_831,8546,TRUE,On-Time,54,3
user_832,2824,FALSE,On-Time,37,2
user_833,4534,FALSE,Early,77,0
user_834,7670,FALSE,On-Time,1,2
user_835,9254,TRUE,On-Time,8,4
user_836,9452,TRUE,On-Time,4,0
user_837,4571,FALSE,Defaulted,97,4
user_838,4192,TRUE,On-Time,18,2
user_839,5953,TRUE,Late,70,3
user_840,5275,FALSE,Early,38,3
user_841,1354,TRUE,Early,41,3
user_842,6029,FALSE,Early,16,4
user_843,3774,FALSE,Defaulted,62,3
user_844,1588,FALSE,Late,89,1
user_845,1604,TRUE,On-Time,45,0
user_846,9365,TRUE,Late,90,0
user_847,1353,FALSE,Early,91,2
user_848,6434,FALSE,On-Time,19,4
user_849,1433,TRUE,Early,69,0
user_850,9450,TRUE,Early,7,4
user_851,1867,FALSE,Early,95,2
user_852,9787,TRUE,Late,18,3
user_853,6764,TRUE,Late,31,2
user_854,1393,TRUE,Early,18,1
user_855,4754,TRUE,Early,23,3
user_856,5370,FALSE,On-Time,23,3
user_857,5521,TRUE,Early,55,3
user_858,8699,TRUE,Early,80,2
user_859,5578,TRUE,Early,17,1
user_860,9405,TRUE,Early,11,4
user_861,3126,TRUE,Late,40,2
user_862,9330,FALSE,Early,86,0
user_863,5193,TRUE,Defaulted,47,0
user_864,4960,TRUE,Early,81,2
user_865,1663,TRUE,Late,63,4
user_866,3832,TRUE,Defaulted,15,0
user_867,5574,TRUE,Defaulted,79,4
user_868,7371,TRUE,Early,99,3
user_869,8624,TRUE,Early,22,2
user_870,7292,TRUE,Late,85,3
user_871,6177,TRUE,Defaulted,38,0
user_872,9353,FALSE,Defaulted,32,4
user_873,8006,FALSE,Late,23,3
user_874,4178,TRUE,Early,60,0
user_875,6546,TRUE,On-Time,54,1
user_876,5490,FALSE,On-Time,60,3
user_877,5896,TRUE,Defaulted,83,1
user_878,1185,FALSE,Defaulted,96,1
user_879,5653,TRUE,Early,94,0
user_880,2980,TRUE,On-Time,39,2
user_881,5541,FALSE,Defaulted,57,4
user_882,8808,TRUE,Early,71,0
user_883,1829,TRUE,On-Time,73,3
user_884,4519,FALSE,Late,0,4
user_885,9008,FALSE,Defaulted,84,2
user_886,6909,TRUE,Late,24,0
user_887,2225,TRUE,On-Time,95,2
user_888,6774,TRUE,Early,52,3
user_889,3844,FALSE,Early,60,0
user_890,8347,FALSE,On-Time,45,3
user_891,3733,FALSE,Late,73,4
user_892,5420,FALSE,Early,59,4
user_893,4996,TRUE,Defaulted,50,2
user_894,2688,FALSE,Late,72,2
user_895,3447,FALSE,Late,83,4
user_896,1867,FALSE,Defaulted,47,1
user_897,7952,TRUE,On-Time,83,4
user_898,7084,FALSE,Early,39,0
user_899,9431,TRUE,Late,6,3
user_900,6305,TRUE,Early,74,4
user_901,9239,TRUE,Early,84,4
user_902,5049,TRUE,Late,18,3
user_903,4457,TRUE,On-Time,14,3
user_904,4228,FALSE,Late,69,0
user_905,2248,TRUE,On-Time,60,3
user_906,2167,TRUE,Defaulted,55,2
user_907,4490,TRUE,On-Time,9,4
user_908,2897,FALSE,On-Time,45,3
user_909,3179,TRUE,Late,79,0
user_910,6955,TRUE,Early,74,3
user_911,3720,TRUE,Early,56,4
user_912,2943,TRUE,On-Time,34,1
user_913,6912,FALSE,On-Time,71,3
user_914,8686,FALSE,Late,91,2
user_915,4696,FALSE,On-Time,2,4
user_916,3825,TRUE,Late,65,0
user_917,9414,TRUE,Defaulted,52,4
user_918,2746,TRUE,On-Time,77,1
user_919,1529,TRUE,Defaulted,51,0
user_920,7384,TRUE,On-Time,92,1
user_921,9325,TRUE,On-Time,52,1
user_922,5486,TRUE,Defaulted,53,2
user_923,1101,FALSE,Defaulted,46,3
user_924,4723,FALSE,Late,2,2
user_925,3728,TRUE,Late,64,2
user_926,3545,TRUE,Defaulted,14,2
user_927,3558,FALSE,On-Time,83,0
user_928,7846,TRUE,Late,85,3
user_929,1948,FALSE,On-Time,33,3
user_930,5936,TRUE,Early,49,0
user_931,3053,FALSE,Late,32,2
user_932,1193,FALSE,Late,72,2
user_933,9933,TRUE,Late,2,1
user_934,8304,TRUE,Early,1,1
user_935,3959,TRUE,Defaulted,3,4
user_936,9174,FALSE,On-Time,15,1
user_937,3923,TRUE,Early,53,3
user_938,4239,TRUE,Defaulted,32,0
user_939,4865,TRUE,Late,8,2
user_940,9229,FALSE,Defaulted,56,4
user_941,5566,FALSE,Defaulted,39,1
user_942,7595,TRUE,Defaulted,51,4
user_943,6609,TRUE,On-Time,81,0
user_944,4213,TRUE,Defaulted,15,0
user_945,6108,TRUE,Defaulted,7,4
user_946,2783,TRUE,Defaulted,86,4
user_947,9294,TRUE,Defaulted,59,4
user_948,6830,FALSE,Early,35,2
user_949,6831,TRUE,Early,2,3
user_950,1041,FALSE,Defaulted,14,1
user_951,7209,TRUE,Defaulted,96,1
user_952,2061,TRUE,Defaulted,81,1
user_953,4689,TRUE,Late,22,4
user_954,8595,TRUE,Defaulted,2,4
user_955,7807,TRUE,Defaulted,29,4
user_956,4997,FALSE,Early,44,2
user_957,1325,TRUE,Early,16,2
user_958,8205,TRUE,Early,57,2
user_959,2120,FALSE,On-Time,57,2
user_960,1107,TRUE,Late,95,0
user_961,7294,TRUE,Defaulted,56,2
user_962,6193,TRUE,Early,6,2
user_963,8224,FALSE,On-Time,38,2
user_964,9526,FALSE,Defaulted,77,1
user_965,3039,TRUE,Defaulted,57,1
user_966,1803,TRUE,Early,55,1
user_967,1766,FALSE,Defaulted,14,3
user_968,4527,FALSE,Defaulted,43,0
user_969,3306,TRUE,Defaulted,11,4
user_970,2488,FALSE,Early,7,2
user_971,5129,TRUE,On-Time,79,1
user_972,3373,TRUE,Defaulted,40,0
user_973,4309,TRUE,On-Time,33,2
user_974,7834,TRUE,Defaulted,45,3
user_975,6735,TRUE,Early,87,4
user_976,5834,FALSE,On-Time,28,2
user_977,7990,TRUE,Early,15,4
user_978,4983,TRUE,Late,4,2
user_979,4768,TRUE,Defaulted,4,3
user_980,2504,FALSE,Late,29,0
user_981,7793,FALSE,Late,49,4
user_982,3450,TRUE,Late,4,4
user_983,3033,TRUE,Defaulted,12,0
user_984,9002,TRUE,Early,98,4
user_985,7019,TRUE,Late,48,1
user_986,2307,TRUE,On-Time,88,0
user_987,1975,TRUE,Defaulted,49,3
user_988,5939,FALSE,Early,13,2
user_989,4733,TRUE,Early,45,2
user_990,9551,TRUE,Late,89,0
user_991,3223,TRUE,Defaulted,81,1
user_992,1484,TRUE,Late,83,3
user_993,2428,TRUE,On-Time,33,2
user_994,3080,TRUE,Early,70,2
user_995,1695,FALSE,Early,46,1
user_996,7300,TRUE,Defaulted,59,4
user_997,5660,TRUE,Early,73,0
user_998,1201,TRUE,Defaulted,78,1
user_999,9265,FALSE,Late,80,1
user_1000,9287,TRUE,On-Time,10,1
