user_id,onboarding_completed,kyc_dropoff_stage,avg_session_time_min,daily_app_opens,language_selected,support_requests
user_1,TRUE,Selfie,13.49,9,Odia,2
user_2,FALSE,Selfie,10.01,3,Tamil,1
user_3,TRUE,None,3.69,3,Kannada,2
user_4,FALSE,PAN,3.49,6,Bengali,1
user_5,TRUE,Address,2.62,6,Marathi,2
user_6,TRUE,PAN,9.37,6,Hindi,1
user_7,TRUE,PAN,5.16,5,Odia,2
user_8,TRUE,PAN,11.55,5,Tamil,1
user_9,TRUE,Selfie,10.92,2,Hindi,2
user_10,TRUE,Aadhaar,6.14,7,Kannada,0
user_11,TRUE,Aadhaar,4.3,4,Kannada,2
user_12,TRUE,None,3.33,3,Marathi,0
user_13,TRUE,PAN,11.59,8,Gujarati,0
user_14,TRUE,Aadhaar,7.86,4,Gujarati,1
user_15,TRUE,None,6.21,4,Bengali,0
user_16,TRUE,Selfie,13.14,8,Tamil,0
user_17,TRUE,PAN,9.72,1,Tamil,1
user_18,TRUE,Address,8.73,9,Kannada,2
user_19,TRUE,Selfie,11.66,7,Bengali,2
user_20,TRUE,None,12.6,2,Hindi,0
user_21,TRUE,Selfie,10.92,6,Gujarati,2
user_22,TRUE,Address,7.72,8,Gujarati,0
user_23,TRUE,Selfie,6.93,5,Kannada,2
user_24,TRUE,None,12.03,6,Tamil,2
user_25,TRUE,Address,8.73,8,Kannada,2
user_26,TRUE,Address,11.16,6,Tamil,0
user_27,TRUE,Selfie,13.58,9,Bengali,1
user_28,TRUE,Address,13.91,9,Marathi,2
user_29,TRUE,Selfie,5.61,9,Hindi,2
user_30,TRUE,PAN,4.44,6,Odia,2
user_31,TRUE,Address,5.4,9,Marathi,0
user_32,FALSE,Selfie,11.77,3,Marathi,1
user_33,TRUE,PAN,6.81,5,Tamil,0
user_34,TRUE,Address,4.25,2,Tamil,2
user_35,TRUE,PAN,3.28,8,Tamil,0
user_36,TRUE,Address,6.26,4,Marathi,2
user_37,TRUE,None,3.77,6,Kannada,2
user_38,TRUE,None,4.03,6,Hindi,0
user_39,TRUE,Selfie,10.89,5,Kannada,2
user_40,TRUE,Aadhaar,2.26,1,Tamil,2
user_41,TRUE,None,3.53,7,Gujarati,1
user_42,TRUE,Aadhaar,12.98,8,Kannada,0
user_43,TRUE,PAN,12.98,1,Hindi,0
user_44,FALSE,PAN,6.28,7,Gujarati,2
user_45,TRUE,Aadhaar,3.14,4,Hindi,2
user_46,TRUE,Selfie,11.16,6,Tamil,0
user_47,TRUE,Address,6.68,9,Kannada,0
user_48,TRUE,Aadhaar,2.59,5,Odia,0
user_49,TRUE,Aadhaar,4.05,8,Bengali,2
user_50,TRUE,Aadhaar,3.78,5,Tamil,1
user_51,TRUE,Aadhaar,9.66,2,Marathi,1
user_52,TRUE,Aadhaar,13.68,4,Odia,2
user_53,TRUE,Selfie,12.31,2,Marathi,2
user_54,TRUE,None,9.1,7,Hindi,2
user_55,TRUE,Address,7.49,7,Marathi,0
user_56,TRUE,None,10.04,3,Odia,2
user_57,TRUE,Aadhaar,7.77,7,Odia,0
user_58,TRUE,None,5.2,1,Tamil,1
user_59,TRUE,Selfie,10.83,1,Gujarati,2
user_60,FALSE,PAN,13.35,9,Tamil,2
user_61,TRUE,None,6.85,6,Hindi,0
user_62,TRUE,Address,12.94,5,Marathi,0
user_63,TRUE,Selfie,7.6,6,Gujarati,0
user_64,TRUE,PAN,7.22,6,Kannada,1
user_65,TRUE,Selfie,2.37,1,Bengali,1
user_66,FALSE,Aadhaar,11.04,5,Odia,2
user_67,TRUE,PAN,12.5,9,Gujarati,2
user_68,TRUE,Address,10.63,4,Kannada,0
user_69,TRUE,PAN,3.97,3,Gujarati,1
user_70,TRUE,Address,3.34,1,Tamil,2
user_71,TRUE,Aadhaar,9.45,2,Kannada,0
user_72,TRUE,Address,7.22,3,Bengali,0
user_73,TRUE,Selfie,7.58,4,Odia,1
user_74,TRUE,None,14.58,7,Hindi,1
user_75,TRUE,Selfie,11.41,6,Hindi,2
user_76,TRUE,Selfie,7.35,8,Gujarati,2
user_77,TRUE,PAN,2.25,9,Kannada,0
user_78,TRUE,Aadhaar,2.44,6,Gujarati,0
user_79,TRUE,None,10.9,7,Marathi,0
user_80,TRUE,Address,12.89,4,Bengali,2
user_81,TRUE,PAN,11.2,2,Odia,1
user_82,TRUE,Aadhaar,7.28,9,Gujarati,2
user_83,TRUE,None,2.4,9,Marathi,1
user_84,TRUE,Selfie,14.58,4,Kannada,2
user_85,TRUE,Aadhaar,14.82,3,Bengali,2
user_86,TRUE,Aadhaar,9.14,6,Odia,1
user_87,TRUE,Aadhaar,2.92,3,Hindi,2
user_88,TRUE,Selfie,9.03,1,Marathi,2
user_89,TRUE,Address,13.6,4,Kannada,0
user_90,TRUE,PAN,10.84,1,Bengali,1
user_91,TRUE,Address,11.36,2,Marathi,1
user_92,TRUE,None,3.1,3,Gujarati,0
user_93,TRUE,PAN,3.38,8,Tamil,1
user_94,TRUE,None,3.66,4,Hindi,0
user_95,TRUE,Selfie,13.76,4,Gujarati,1
user_96,TRUE,Address,8.84,9,Gujarati,1
user_97,FALSE,Aadhaar,12.29,7,Kannada,1
user_98,TRUE,PAN,3.5,2,Kannada,1
user_99,TRUE,Aadhaar,14.06,3,Bengali,0
user_100,TRUE,None,12.67,4,Kannada,0
user_101,TRUE,Aadhaar,4.92,4,Marathi,1
user_102,TRUE,Aadhaar,13.36,8,Hindi,2
user_103,TRUE,Selfie,5.42,6,Gujarati,0
user_104,TRUE,Selfie,4.67,3,Bengali,1
user_105,TRUE,Address,5.44,9,Hindi,0
user_106,TRUE,None,13.83,8,Kannada,2
user_107,TRUE,Selfie,13.9,9,Kannada,2
user_108,TRUE,Selfie,6.28,5,Marathi,2
user_109,TRUE,Address,11.17,3,Kannada,1
user_110,TRUE,PAN,10.78,4,Gujarati,1
user_111,TRUE,Address,12.49,5,Odia,2
user_112,FALSE,Aadhaar,5.85,9,Gujarati,0
user_113,TRUE,Aadhaar,8.63,9,Gujarati,0
user_114,TRUE,Selfie,10.68,3,Kannada,2
user_115,TRUE,Selfie,2.34,7,Hindi,1
user_116,FALSE,Address,6.9,6,Kannada,0
user_117,TRUE,Address,11.05,4,Hindi,0
user_118,TRUE,None,5.28,5,Hindi,0
user_119,TRUE,Aadhaar,14.45,2,Hindi,1
user_120,TRUE,Address,2.39,7,Bengali,2
user_121,TRUE,PAN,14.46,4,Tamil,1
user_122,TRUE,None,4.82,2,Kannada,0
user_123,TRUE,Address,2.63,6,Bengali,2
user_124,FALSE,Selfie,5.8,2,Gujarati,1
user_125,TRUE,Address,12.22,2,Bengali,2
user_126,TRUE,Selfie,11.78,7,Marathi,0
user_127,TRUE,Selfie,4.71,1,Odia,1
user_128,TRUE,Aadhaar,4.56,7,Hindi,2
user_129,TRUE,Aadhaar,10.35,5,Kannada,1
user_130,TRUE,Address,7.96,1,Marathi,0
user_131,TRUE,Address,12.3,6,Kannada,2
user_132,TRUE,PAN,2.31,7,Odia,0
user_133,TRUE,None,9.94,1,Marathi,2
user_134,TRUE,None,11.5,9,Kannada,0
user_135,TRUE,Address,14.91,7,Gujarati,0
user_136,TRUE,Aadhaar,10.82,1,Hindi,1
user_137,TRUE,PAN,5.01,3,Marathi,0
user_138,TRUE,None,3.41,5,Gujarati,1
user_139,TRUE,Address,10.33,4,Hindi,0
user_140,TRUE,Aadhaar,8.8,2,Tamil,0
user_141,TRUE,Aadhaar,13.69,1,Gujarati,0
user_142,TRUE,Aadhaar,11.45,4,Bengali,2
user_143,TRUE,Selfie,8.63,7,Kannada,1
user_144,TRUE,Aadhaar,7.25,4,Hindi,2
user_145,TRUE,Address,7.26,9,Marathi,1
user_146,TRUE,PAN,4.94,8,Odia,0
user_147,FALSE,Address,2.23,8,Marathi,2
user_148,TRUE,Aadhaar,9.47,5,Bengali,1
user_149,TRUE,PAN,4.76,1,Kannada,0
user_150,FALSE,None,4.71,9,Bengali,1
user_151,TRUE,None,3.63,2,Marathi,1
user_152,TRUE,Address,4.46,6,Kannada,0
user_153,TRUE,PAN,2.41,5,Odia,2
user_154,TRUE,Address,10.77,8,Hindi,0
user_155,TRUE,PAN,7.22,3,Kannada,2
user_156,FALSE,PAN,9.3,6,Gujarati,1
user_157,TRUE,Address,10.28,6,Kannada,1
user_158,TRUE,PAN,14.64,3,Bengali,1
user_159,TRUE,Aadhaar,2.89,7,Bengali,2
user_160,TRUE,PAN,7.43,4,Bengali,0
user_161,TRUE,PAN,5.2,5,Odia,2
user_162,TRUE,Address,8.2,9,Kannada,1
user_163,TRUE,None,13.97,6,Kannada,1
user_164,TRUE,Selfie,11.41,4,Tamil,0
user_165,FALSE,PAN,10.61,8,Odia,2
user_166,TRUE,Selfie,7.74,9,Hindi,1
user_167,TRUE,PAN,10.72,5,Hindi,2
user_168,TRUE,Address,2.42,2,Hindi,2
user_169,TRUE,Address,9.62,6,Hindi,0
user_170,TRUE,PAN,9.2,8,Hindi,0
user_171,TRUE,Address,6.51,5,Marathi,1
user_172,TRUE,Address,4.62,1,Bengali,0
user_173,TRUE,PAN,12.5,8,Odia,2
user_174,FALSE,None,2.7,9,Marathi,0
user_175,TRUE,PAN,2.91,1,Odia,2
user_176,FALSE,None,7.73,8,Tamil,1
user_177,TRUE,Address,5.28,2,Kannada,2
user_178,TRUE,None,11.69,4,Gujarati,0
user_179,TRUE,Address,10.24,2,Bengali,0
user_180,TRUE,None,12.04,2,Tamil,1
user_181,TRUE,None,6.22,3,Marathi,0
user_182,TRUE,PAN,11.63,8,Gujarati,1
user_183,TRUE,None,13.21,4,Kannada,1
user_184,FALSE,Address,6.49,7,Tamil,0
user_185,TRUE,PAN,6.42,3,Kannada,2
user_186,TRUE,None,13.7,3,Kannada,1
user_187,TRUE,PAN,2.65,2,Odia,2
user_188,TRUE,Selfie,6.55,6,Gujarati,0
user_189,TRUE,PAN,3.54,6,Odia,2
user_190,TRUE,Selfie,2.38,1,Kannada,2
user_191,TRUE,Selfie,3.47,7,Tamil,2
user_192,TRUE,PAN,7.61,4,Kannada,2
user_193,TRUE,Address,10.93,3,Marathi,0
user_194,TRUE,Address,5.76,8,Kannada,0
user_195,TRUE,Address,13.05,2,Odia,2
user_196,TRUE,Aadhaar,7.69,9,Gujarati,0
user_197,FALSE,Selfie,14.59,8,Tamil,0
user_198,TRUE,PAN,14.4,8,Odia,1
user_199,TRUE,Address,12.05,3,Kannada,0
user_200,TRUE,Address,14.12,4,Marathi,2
user_201,TRUE,PAN,11.19,2,Bengali,0
user_202,FALSE,Selfie,13.64,2,Marathi,0
user_203,TRUE,PAN,5.07,4,Kannada,0
user_204,TRUE,Aadhaar,6.49,6,Marathi,0
user_205,FALSE,Aadhaar,11.79,5,Bengali,1
user_206,TRUE,PAN,7.52,1,Marathi,2
user_207,TRUE,Selfie,12.89,1,Bengali,2
user_208,FALSE,Address,13.41,6,Kannada,0
user_209,TRUE,Aadhaar,5.9,3,Bengali,0
user_210,FALSE,Aadhaar,12.7,3,Odia,1
user_211,TRUE,Selfie,4.01,7,Odia,0
user_212,FALSE,Aadhaar,6.34,1,Bengali,1
user_213,TRUE,Aadhaar,8.73,1,Tamil,2
user_214,FALSE,Selfie,4.94,3,Gujarati,2
user_215,TRUE,PAN,9.53,8,Tamil,1
user_216,TRUE,Address,9.52,1,Bengali,2
user_217,TRUE,Address,4.69,4,Gujarati,0
user_218,TRUE,Aadhaar,12.34,9,Odia,0
user_219,TRUE,Address,10.21,4,Gujarati,1
user_220,TRUE,PAN,6.13,8,Bengali,2
user_221,TRUE,Aadhaar,5.02,7,Odia,2
user_222,TRUE,Address,13.42,3,Gujarati,1
user_223,TRUE,None,12.86,7,Gujarati,1
user_224,FALSE,None,4.99,7,Tamil,2
user_225,TRUE,None,2.46,3,Gujarati,1
user_226,TRUE,None,12.46,2,Kannada,0
user_227,TRUE,None,10,9,Bengali,2
user_228,TRUE,Aadhaar,3.31,1,Hindi,1
user_229,TRUE,Selfie,9.64,7,Hindi,1
user_230,TRUE,Selfie,7.88,4,Hindi,1
user_231,TRUE,Aadhaar,12.07,2,Bengali,2
user_232,TRUE,Aadhaar,4.72,2,Hindi,0
user_233,TRUE,PAN,7.89,8,Tamil,0
user_234,TRUE,Selfie,4.03,7,Bengali,2
user_235,TRUE,None,14.45,7,Kannada,1
user_236,TRUE,Aadhaar,12.12,5,Odia,2
user_237,TRUE,None,11.58,8,Kannada,2
user_238,TRUE,Selfie,10.97,2,Bengali,1
user_239,TRUE,Address,7.5,2,Bengali,2
user_240,TRUE,Address,14,5,Gujarati,0
user_241,TRUE,Aadhaar,2.95,1,Gujarati,2
user_242,TRUE,PAN,12.44,6,Gujarati,1
user_243,TRUE,None,4.8,4,Marathi,2
user_244,TRUE,Aadhaar,6.21,6,Tamil,0
user_245,TRUE,PAN,8.75,7,Bengali,2
user_246,FALSE,None,12.17,3,Kannada,2
user_247,TRUE,Selfie,12.9,8,Bengali,2
user_248,TRUE,Address,9.59,7,Gujarati,2
user_249,FALSE,PAN,7.24,1,Bengali,1
user_250,TRUE,None,14.3,6,Odia,0
user_251,TRUE,Aadhaar,5.2,7,Bengali,0
user_252,TRUE,None,12.44,4,Kannada,0
user_253,TRUE,Aadhaar,9.96,2,Hindi,2
user_254,TRUE,Address,6.9,9,Odia,0
user_255,TRUE,Address,2.02,7,Odia,1
user_256,TRUE,None,7.81,1,Bengali,2
user_257,TRUE,None,5.6,8,Marathi,2
user_258,TRUE,Aadhaar,3.36,3,Gujarati,0
user_259,TRUE,Aadhaar,2.98,4,Tamil,2
user_260,TRUE,PAN,6.52,5,Tamil,2
user_261,TRUE,PAN,9.99,1,Hindi,0
user_262,TRUE,PAN,12.89,6,Tamil,1
user_263,TRUE,None,4.39,6,Tamil,1
user_264,FALSE,PAN,7.52,2,Gujarati,0
user_265,TRUE,None,7.1,6,Gujarati,1
user_266,TRUE,Address,8.67,8,Marathi,1
user_267,TRUE,Selfie,12.52,6,Kannada,1
user_268,TRUE,Address,9.2,4,Hindi,2
user_269,TRUE,None,13.01,4,Tamil,2
user_270,TRUE,None,8.74,9,Marathi,2
user_271,TRUE,Selfie,9.85,6,Hindi,1
user_272,TRUE,Aadhaar,7.69,8,Odia,2
user_273,FALSE,Aadhaar,12.7,8,Tamil,1
user_274,TRUE,Aadhaar,14.01,7,Tamil,0
user_275,TRUE,PAN,10.31,3,Gujarati,1
user_276,FALSE,Aadhaar,12.67,1,Bengali,2
user_277,TRUE,PAN,2.77,5,Hindi,1
user_278,TRUE,PAN,13.78,2,Tamil,2
user_279,TRUE,Aadhaar,4.46,2,Hindi,2
user_280,TRUE,Aadhaar,5.33,7,Kannada,0
user_281,TRUE,Selfie,2.69,3,Marathi,0
user_282,TRUE,Selfie,14.55,8,Marathi,2
user_283,TRUE,PAN,13.08,9,Bengali,1
user_284,TRUE,Selfie,13.87,8,Tamil,0
user_285,TRUE,PAN,13.01,6,Kannada,0
user_286,TRUE,None,8.23,5,Gujarati,2
user_287,TRUE,PAN,14.01,3,Tamil,1
user_288,TRUE,PAN,14.6,3,Hindi,0
user_289,FALSE,Selfie,8.53,7,Odia,0
user_290,TRUE,None,4.28,5,Marathi,1
user_291,TRUE,Address,10.56,6,Hindi,0
user_292,TRUE,Address,14.68,6,Bengali,1
user_293,TRUE,Address,13.34,9,Marathi,2
user_294,TRUE,None,13.2,1,Gujarati,0
user_295,TRUE,Aadhaar,14.14,8,Marathi,2
user_296,TRUE,None,13.62,5,Odia,1
user_297,TRUE,Selfie,12.09,6,Kannada,2
user_298,TRUE,PAN,11.34,6,Tamil,2
user_299,TRUE,PAN,5.44,1,Odia,2
user_300,TRUE,Selfie,10.08,3,Kannada,1
user_301,TRUE,Selfie,8.78,6,Odia,1
user_302,TRUE,PAN,13.21,9,Tamil,1
user_303,TRUE,Aadhaar,8.39,6,Marathi,1
user_304,TRUE,Aadhaar,3.66,6,Bengali,1
user_305,TRUE,Aadhaar,2.06,1,Tamil,0
user_306,FALSE,Selfie,10.81,9,Tamil,0
user_307,TRUE,PAN,9.15,4,Kannada,0
user_308,TRUE,PAN,6.3,2,Gujarati,2
user_309,TRUE,PAN,4.2,1,Marathi,2
user_310,TRUE,None,8.07,3,Tamil,1
user_311,TRUE,None,3.3,3,Bengali,1
user_312,TRUE,Address,6.37,5,Hindi,0
user_313,TRUE,None,6.93,1,Marathi,1
user_314,TRUE,Aadhaar,8.05,7,Gujarati,2
user_315,TRUE,Aadhaar,8.07,1,Odia,1
user_316,FALSE,Aadhaar,5.34,4,Tamil,0
user_317,TRUE,Aadhaar,13.05,6,Bengali,1
user_318,TRUE,Address,6.62,1,Marathi,2
user_319,TRUE,Aadhaar,4.98,7,Bengali,0
user_320,TRUE,Selfie,4.29,7,Bengali,1
user_321,TRUE,Selfie,6.19,3,Kannada,2
user_322,TRUE,Selfie,2.88,4,Odia,0
user_323,TRUE,None,2.43,6,Gujarati,0
user_324,TRUE,PAN,9.87,7,Marathi,2
user_325,TRUE,Address,10.05,4,Tamil,1
user_326,TRUE,Selfie,8.88,9,Gujarati,1
user_327,TRUE,Selfie,11.91,9,Tamil,1
user_328,TRUE,Aadhaar,2.51,9,Hindi,0
user_329,TRUE,Selfie,14.17,6,Bengali,0
user_330,TRUE,Aadhaar,3.24,2,Hindi,1
user_331,TRUE,Aadhaar,10.76,2,Kannada,0
user_332,TRUE,PAN,3.73,4,Bengali,0
user_333,TRUE,None,13.44,9,Odia,2
user_334,TRUE,Aadhaar,8.64,3,Gujarati,1
user_335,TRUE,Aadhaar,3.07,6,Tamil,1
user_336,FALSE,PAN,10.02,2,Kannada,1
user_337,TRUE,Aadhaar,2.12,1,Odia,0
user_338,TRUE,Address,12.09,5,Tamil,0
user_339,TRUE,None,10.46,8,Gujarati,0
user_340,TRUE,Address,4.76,2,Marathi,1
user_341,TRUE,Selfie,6.87,9,Kannada,0
user_342,TRUE,None,2.1,8,Hindi,1
user_343,TRUE,Selfie,11.02,3,Hindi,0
user_344,TRUE,Aadhaar,6.19,1,Tamil,1
user_345,FALSE,PAN,9.43,4,Tamil,2
user_346,TRUE,Address,14.44,8,Tamil,0
user_347,TRUE,Selfie,5.89,3,Kannada,1
user_348,TRUE,Aadhaar,14.87,2,Gujarati,2
user_349,TRUE,Address,10.23,7,Marathi,2
user_350,TRUE,Address,5.15,4,Hindi,0
user_351,FALSE,Selfie,7.68,6,Odia,1
user_352,TRUE,Aadhaar,11.63,5,Bengali,0
user_353,FALSE,PAN,7.8,2,Kannada,2
user_354,TRUE,Selfie,2.89,2,Kannada,0
user_355,FALSE,Address,4.19,9,Gujarati,1
user_356,TRUE,Address,12.29,2,Hindi,2
user_357,TRUE,None,10.43,8,Marathi,0
user_358,TRUE,Aadhaar,9.41,8,Gujarati,0
user_359,TRUE,None,4.18,1,Odia,0
user_360,TRUE,PAN,12.89,1,Hindi,0
user_361,TRUE,Selfie,14.49,4,Gujarati,0
user_362,TRUE,Address,2.53,2,Hindi,2
user_363,TRUE,Aadhaar,3.01,1,Hindi,2
user_364,FALSE,Address,13.5,9,Kannada,1
user_365,FALSE,None,12.6,3,Marathi,0
user_366,TRUE,None,10.03,1,Kannada,1
user_367,TRUE,Selfie,14.28,2,Bengali,2
user_368,TRUE,Aadhaar,10.4,8,Marathi,0
user_369,TRUE,Aadhaar,4.81,5,Hindi,1
user_370,TRUE,Selfie,11.47,7,Gujarati,0
user_371,TRUE,None,10.39,6,Odia,0
user_372,TRUE,None,14.81,1,Marathi,1
user_373,TRUE,None,4.78,6,Bengali,2
user_374,TRUE,Address,9.77,7,Hindi,1
user_375,TRUE,PAN,12.14,4,Odia,1
user_376,TRUE,None,6.41,8,Marathi,1
user_377,TRUE,PAN,6.94,8,Kannada,0
user_378,TRUE,PAN,13.54,7,Kannada,2
user_379,TRUE,Aadhaar,7.25,2,Marathi,2
user_380,TRUE,Selfie,10.12,6,Marathi,0
user_381,TRUE,Address,13.56,6,Marathi,2
user_382,TRUE,PAN,4.73,7,Odia,1
user_383,TRUE,Address,14.76,6,Kannada,2
user_384,TRUE,Aadhaar,11.13,2,Gujarati,0
user_385,TRUE,None,8.45,8,Bengali,2
user_386,TRUE,PAN,7.6,4,Bengali,0
user_387,TRUE,Selfie,14.41,9,Hindi,1
user_388,TRUE,Aadhaar,4.67,8,Tamil,0
user_389,FALSE,Address,6.05,3,Gujarati,2
user_390,TRUE,None,6,3,Kannada,1
user_391,TRUE,Address,5.76,8,Hindi,2
user_392,TRUE,Selfie,8.09,2,Hindi,0
user_393,TRUE,PAN,14.86,9,Marathi,1
user_394,TRUE,Selfie,13.55,4,Tamil,0
user_395,TRUE,Address,6.26,6,Kannada,2
user_396,TRUE,Address,7.5,3,Tamil,0
user_397,TRUE,Selfie,10.7,3,Gujarati,2
user_398,TRUE,Selfie,2.22,3,Tamil,2
user_399,TRUE,Selfie,12.66,2,Hindi,1
user_400,TRUE,None,13.44,8,Tamil,1
user_401,TRUE,Address,13.14,9,Tamil,0
user_402,TRUE,Aadhaar,6.88,8,Bengali,2
user_403,TRUE,None,8.01,3,Kannada,2
user_404,TRUE,None,2.16,7,Kannada,1
user_405,TRUE,None,7.19,2,Hindi,1
user_406,TRUE,Aadhaar,7.99,4,Odia,1
user_407,TRUE,Selfie,13.79,6,Tamil,1
user_408,TRUE,Address,13.62,5,Tamil,0
user_409,TRUE,PAN,14.56,9,Marathi,0
user_410,TRUE,PAN,13.51,4,Kannada,0
user_411,TRUE,Address,2.11,5,Tamil,0
user_412,TRUE,Aadhaar,10.34,4,Kannada,1
user_413,TRUE,PAN,2.89,8,Tamil,0
user_414,TRUE,None,5.54,8,Bengali,0
user_415,TRUE,PAN,9.52,3,Hindi,0
user_416,TRUE,Address,11.11,1,Kannada,1
user_417,TRUE,None,10.51,6,Gujarati,2
user_418,TRUE,PAN,2.64,2,Hindi,1
user_419,TRUE,Address,3.35,2,Marathi,2
user_420,TRUE,Aadhaar,3.67,3,Hindi,2
user_421,TRUE,Address,3.19,8,Tamil,0
user_422,TRUE,Aadhaar,4.32,3,Marathi,0
user_423,TRUE,None,10.95,7,Hindi,0
user_424,TRUE,Address,12.8,9,Marathi,1
user_425,TRUE,Selfie,7.31,8,Gujarati,1
user_426,TRUE,Selfie,11.01,1,Hindi,0
user_427,TRUE,Selfie,4.6,7,Kannada,1
user_428,TRUE,Selfie,14.65,7,Kannada,1
user_429,TRUE,Selfie,6.55,8,Odia,2
user_430,TRUE,Aadhaar,13,5,Tamil,1
user_431,TRUE,Address,14.29,9,Marathi,2
user_432,TRUE,None,13.24,9,Odia,0
user_433,TRUE,Selfie,2.87,8,Odia,1
user_434,FALSE,Selfie,10.45,6,Bengali,2
user_435,TRUE,None,3.56,6,Marathi,1
user_436,TRUE,None,2.07,1,Odia,2
user_437,TRUE,Selfie,2.67,6,Bengali,2
user_438,TRUE,Aadhaar,13.91,4,Odia,1
user_439,TRUE,None,13.81,4,Tamil,0
user_440,TRUE,Address,4.94,2,Gujarati,2
user_441,TRUE,Address,9.11,4,Bengali,0
user_442,TRUE,Aadhaar,14.42,5,Gujarati,1
user_443,TRUE,PAN,8.46,5,Marathi,1
user_444,TRUE,Aadhaar,7.12,5,Tamil,0
user_445,TRUE,Selfie,8.28,4,Bengali,1
user_446,FALSE,PAN,12.27,1,Marathi,2
user_447,TRUE,Selfie,8.2,8,Odia,0
user_448,FALSE,Address,12.18,3,Kannada,1
user_449,TRUE,None,7.61,2,Hindi,1
user_450,TRUE,Selfie,5.28,9,Marathi,0
user_451,TRUE,Address,6.24,7,Gujarati,2
user_452,TRUE,Aadhaar,3.01,9,Tamil,0
user_453,TRUE,Selfie,8.47,2,Tamil,1
user_454,TRUE,Address,3.93,9,Marathi,1
user_455,TRUE,None,12.55,9,Odia,0
user_456,TRUE,Selfie,7.47,9,Hindi,2
user_457,TRUE,Address,11.95,4,Gujarati,2
user_458,TRUE,Selfie,14.41,3,Marathi,2
user_459,TRUE,None,13.04,6,Marathi,0
user_460,TRUE,Selfie,14.37,3,Kannada,2
user_461,FALSE,Selfie,9.38,9,Tamil,2
user_462,TRUE,Address,4.15,3,Gujarati,2
user_463,FALSE,PAN,14.16,2,Hindi,2
user_464,TRUE,Selfie,13.29,8,Tamil,1
user_465,TRUE,PAN,13.24,6,Marathi,0
user_466,TRUE,Aadhaar,11.01,8,Tamil,0
user_467,TRUE,Selfie,10.12,7,Tamil,2
user_468,TRUE,PAN,2.19,3,Bengali,0
user_469,TRUE,Aadhaar,11.72,8,Tamil,0
user_470,FALSE,Address,3.19,1,Odia,1
user_471,TRUE,Selfie,5.38,1,Tamil,0
user_472,TRUE,Address,9.17,8,Odia,1
user_473,TRUE,Aadhaar,7.87,9,Gujarati,0
user_474,TRUE,Address,2.21,6,Tamil,1
user_475,TRUE,Address,12.71,5,Hindi,1
user_476,FALSE,None,13.42,2,Odia,0
user_477,FALSE,Aadhaar,10.86,9,Odia,1
user_478,FALSE,Address,9.03,6,Marathi,1
user_479,FALSE,PAN,14.49,8,Gujarati,0
user_480,TRUE,Aadhaar,3.56,9,Tamil,1
user_481,TRUE,None,11.59,9,Kannada,1
user_482,TRUE,Selfie,3.67,8,Hindi,1
user_483,FALSE,Address,6.96,8,Marathi,1
user_484,TRUE,PAN,9.61,3,Gujarati,1
user_485,TRUE,None,11.58,3,Odia,2
user_486,TRUE,Aadhaar,2.05,2,Hindi,1
user_487,TRUE,Address,5.39,1,Tamil,1
user_488,TRUE,None,9,4,Kannada,1
user_489,TRUE,None,8.93,2,Bengali,1
user_490,TRUE,PAN,10.29,2,Bengali,0
user_491,TRUE,Selfie,5.95,5,Gujarati,2
user_492,TRUE,Selfie,9.03,4,Kannada,0
user_493,TRUE,Selfie,4.47,1,Hindi,2
user_494,TRUE,Aadhaar,4.43,9,Marathi,1
user_495,TRUE,None,9.5,4,Hindi,1
user_496,TRUE,Aadhaar,10.91,5,Kannada,2
user_497,TRUE,None,3.57,7,Odia,2
user_498,TRUE,PAN,3.6,2,Bengali,0
user_499,TRUE,PAN,9.35,8,Gujarati,2
user_500,TRUE,Aadhaar,5.51,2,Tamil,1
user_501,TRUE,Aadhaar,7.1,5,Hindi,0
user_502,TRUE,PAN,7.21,2,Bengali,2
user_503,TRUE,Address,4.32,2,Marathi,2
user_504,TRUE,Selfie,2.02,4,Gujarati,0
user_505,FALSE,Selfie,13.09,4,Tamil,2
user_506,TRUE,PAN,11.3,8,Hindi,1
user_507,TRUE,Selfie,10.98,6,Marathi,0
user_508,TRUE,Address,9.1,8,Tamil,2
user_509,TRUE,Address,11.11,7,Odia,1
user_510,TRUE,None,14.16,4,Bengali,2
user_511,TRUE,Aadhaar,10.65,2,Odia,0
user_512,TRUE,Selfie,5.45,9,Bengali,2
user_513,TRUE,Address,9.42,2,Marathi,2
user_514,TRUE,Aadhaar,7.75,1,Odia,2
user_515,TRUE,Aadhaar,9.23,8,Bengali,1
user_516,TRUE,None,8.73,9,Gujarati,1
user_517,TRUE,Aadhaar,13.16,1,Marathi,2
user_518,FALSE,Aadhaar,10.47,7,Bengali,2
user_519,TRUE,PAN,4.45,2,Hindi,0
user_520,TRUE,None,2.82,6,Bengali,2
user_521,TRUE,None,7.52,5,Odia,0
user_522,TRUE,Selfie,2.2,1,Gujarati,1
user_523,TRUE,Aadhaar,6.14,2,Tamil,2
user_524,TRUE,Selfie,6.78,2,Tamil,0
user_525,FALSE,Address,6.88,6,Bengali,1
user_526,FALSE,Aadhaar,14.73,1,Tamil,0
user_527,TRUE,Address,5.95,4,Bengali,1
user_528,TRUE,PAN,5.45,5,Gujarati,2
user_529,TRUE,Aadhaar,3.68,2,Tamil,0
user_530,TRUE,Selfie,8.64,2,Odia,2
user_531,TRUE,Selfie,4,7,Odia,0
user_532,TRUE,Aadhaar,10.01,7,Hindi,1
user_533,TRUE,Selfie,4.02,6,Bengali,0
user_534,TRUE,Aadhaar,9.5,1,Tamil,0
user_535,TRUE,None,12.74,3,Odia,2
user_536,TRUE,Selfie,2.55,9,Kannada,2
user_537,FALSE,Aadhaar,7.46,1,Gujarati,2
user_538,TRUE,Aadhaar,7.99,2,Gujarati,1
user_539,TRUE,Selfie,12.28,8,Kannada,2
user_540,TRUE,None,8.08,7,Kannada,0
user_541,TRUE,Selfie,9.38,9,Hindi,1
user_542,TRUE,Aadhaar,12.29,4,Gujarati,2
user_543,TRUE,None,9.28,4,Gujarati,0
user_544,TRUE,Address,6.66,7,Tamil,0
user_545,FALSE,PAN,3.12,1,Bengali,1
user_546,TRUE,Selfie,11.49,9,Marathi,0
user_547,TRUE,Aadhaar,13.32,2,Gujarati,2
user_548,TRUE,None,14.61,1,Gujarati,0
user_549,TRUE,None,14.05,7,Marathi,2
user_550,FALSE,Address,12.37,6,Gujarati,2
user_551,TRUE,Selfie,10.37,3,Tamil,1
user_552,FALSE,None,12.16,1,Tamil,0
user_553,TRUE,Address,7.62,5,Marathi,1
user_554,TRUE,Aadhaar,9.73,4,Odia,1
user_555,TRUE,Address,6.53,5,Gujarati,1
user_556,TRUE,Selfie,6.25,1,Odia,2
user_557,FALSE,Address,11.84,1,Gujarati,2
user_558,TRUE,None,7.9,5,Bengali,2
user_559,TRUE,None,4.76,6,Gujarati,2
user_560,TRUE,PAN,4.63,5,Tamil,0
user_561,TRUE,Address,13.17,2,Hindi,0
user_562,TRUE,Aadhaar,10.81,9,Kannada,2
user_563,TRUE,Selfie,9.1,5,Hindi,2
user_564,TRUE,PAN,7.21,5,Hindi,0
user_565,TRUE,Address,7.6,9,Hindi,1
user_566,TRUE,Aadhaar,2.75,3,Kannada,1
user_567,TRUE,PAN,7.91,5,Odia,2
user_568,TRUE,None,12.34,5,Kannada,1
user_569,TRUE,Selfie,7.04,2,Odia,2
user_570,TRUE,Address,6.99,4,Kannada,2
user_571,TRUE,Aadhaar,2.2,2,Kannada,2
user_572,FALSE,None,7.95,5,Gujarati,0
user_573,TRUE,PAN,2.33,2,Odia,1
user_574,TRUE,Selfie,9.41,9,Gujarati,0
user_575,TRUE,PAN,8.59,6,Bengali,1
user_576,TRUE,PAN,12.92,8,Gujarati,0
user_577,TRUE,Aadhaar,9.56,9,Hindi,0
user_578,TRUE,None,6.2,8,Marathi,2
user_579,TRUE,Address,8.71,5,Marathi,2
user_580,TRUE,Aadhaar,11.1,5,Tamil,0
user_581,TRUE,Selfie,3.22,6,Tamil,1
user_582,TRUE,PAN,10.07,1,Gujarati,1
user_583,FALSE,Selfie,13.92,8,Kannada,2
user_584,TRUE,Aadhaar,5.89,2,Kannada,2
user_585,TRUE,Aadhaar,10.15,6,Marathi,1
user_586,TRUE,Address,12.68,9,Hindi,1
user_587,TRUE,PAN,8.65,3,Odia,1
user_588,TRUE,Aadhaar,11.33,2,Hindi,2
user_589,TRUE,Selfie,6.04,5,Hindi,1
user_590,TRUE,Address,5.98,9,Gujarati,2
user_591,TRUE,Selfie,10.68,6,Gujarati,0
user_592,TRUE,PAN,11.17,8,Bengali,0
user_593,TRUE,Address,14.18,8,Hindi,0
user_594,FALSE,Address,4.92,7,Kannada,1
user_595,TRUE,Address,8.09,5,Kannada,2
user_596,TRUE,None,5.26,2,Hindi,1
user_597,TRUE,Address,3.04,5,Gujarati,2
user_598,FALSE,Selfie,7.24,7,Gujarati,1
user_599,TRUE,Selfie,6.86,7,Bengali,0
user_600,TRUE,PAN,5.52,2,Bengali,2
user_601,TRUE,Aadhaar,5.86,7,Tamil,1
user_602,TRUE,Aadhaar,6.69,6,Marathi,2
user_603,TRUE,None,14.85,7,Hindi,2
user_604,TRUE,Address,12.18,8,Kannada,1
user_605,FALSE,None,2.93,4,Hindi,1
user_606,TRUE,PAN,13.34,1,Bengali,2
user_607,TRUE,PAN,10.23,8,Bengali,2
user_608,TRUE,Aadhaar,13.58,8,Tamil,0
user_609,TRUE,PAN,6.44,3,Marathi,2
user_610,TRUE,Address,8.04,3,Tamil,0
user_611,TRUE,Selfie,13.65,5,Kannada,0
user_612,TRUE,PAN,5.54,3,Marathi,0
user_613,TRUE,None,13.9,5,Odia,2
user_614,FALSE,Address,12.77,8,Hindi,0
user_615,TRUE,PAN,14.75,1,Tamil,2
user_616,FALSE,PAN,6.22,2,Bengali,2
user_617,TRUE,Address,5.06,2,Tamil,1
user_618,TRUE,PAN,6.3,4,Odia,2
user_619,TRUE,Selfie,14.41,9,Tamil,2
user_620,TRUE,Aadhaar,6.33,2,Hindi,0
user_621,TRUE,Address,9.35,9,Odia,2
user_622,TRUE,None,7.25,7,Bengali,2
user_623,TRUE,PAN,7.15,8,Bengali,1
user_624,TRUE,Aadhaar,4.51,1,Gujarati,1
user_625,TRUE,None,8.98,5,Odia,0
user_626,TRUE,None,13.04,9,Gujarati,0
user_627,TRUE,Selfie,2.64,4,Gujarati,1
user_628,TRUE,Aadhaar,13.56,2,Hindi,1
user_629,TRUE,Address,10.65,6,Tamil,2
user_630,TRUE,Aadhaar,10.02,2,Bengali,0
user_631,TRUE,Aadhaar,10.14,3,Bengali,0
user_632,TRUE,None,5.85,8,Tamil,2
user_633,TRUE,Selfie,7.4,3,Bengali,2
user_634,TRUE,Selfie,12.39,2,Tamil,0
user_635,TRUE,Aadhaar,5.98,6,Odia,1
user_636,TRUE,Aadhaar,8.11,3,Hindi,1
user_637,TRUE,PAN,2.26,1,Hindi,2
user_638,TRUE,None,11.54,3,Kannada,0
user_639,TRUE,Address,7.43,6,Hindi,2
user_640,TRUE,Address,8.83,3,Tamil,1
user_641,TRUE,Selfie,3.49,9,Kannada,1
user_642,TRUE,None,14.89,7,Tamil,2
user_643,TRUE,Selfie,5.93,5,Marathi,1
user_644,TRUE,Address,10.25,2,Kannada,0
user_645,TRUE,Aadhaar,9.56,9,Bengali,2
user_646,TRUE,None,12.21,5,Bengali,2
user_647,TRUE,None,5.82,7,Marathi,2
user_648,TRUE,PAN,11.83,9,Marathi,1
user_649,TRUE,Aadhaar,6.97,4,Hindi,0
user_650,TRUE,Aadhaar,7.35,9,Marathi,2
user_651,TRUE,Selfie,10.75,1,Tamil,2
user_652,TRUE,None,12.2,6,Gujarati,1
user_653,TRUE,Selfie,10.67,2,Tamil,0
user_654,TRUE,Aadhaar,13.7,8,Kannada,2
user_655,TRUE,PAN,5.71,5,Marathi,1
user_656,TRUE,None,13.71,3,Bengali,2
user_657,TRUE,Aadhaar,3.7,2,Tamil,1
user_658,TRUE,PAN,10.57,8,Bengali,0
user_659,TRUE,Address,9.12,7,Tamil,1
user_660,TRUE,Aadhaar,8.43,9,Bengali,2
user_661,TRUE,Address,6.04,8,Odia,2
user_662,TRUE,Selfie,8.55,4,Tamil,1
user_663,TRUE,Address,4.1,2,Kannada,0
user_664,TRUE,Aadhaar,6.8,2,Bengali,0
user_665,TRUE,Address,3.28,2,Gujarati,2
user_666,TRUE,None,9.43,6,Kannada,2
user_667,TRUE,Aadhaar,3.24,7,Hindi,1
user_668,TRUE,PAN,4.08,6,Tamil,1
user_669,TRUE,Address,3.11,2,Gujarati,1
user_670,TRUE,None,6.96,4,Hindi,0
user_671,TRUE,Selfie,12.95,3,Tamil,0
user_672,TRUE,Selfie,13.79,4,Gujarati,2
user_673,TRUE,Address,2.93,5,Gujarati,2
user_674,TRUE,Selfie,10.25,7,Kannada,2
user_675,TRUE,PAN,10.9,9,Odia,1
user_676,TRUE,Aadhaar,8.94,2,Gujarati,0
user_677,TRUE,None,10.67,8,Odia,2
user_678,TRUE,Address,5.04,3,Marathi,2
user_679,TRUE,Selfie,8.37,9,Kannada,2
user_680,TRUE,Aadhaar,7.08,4,Bengali,2
user_681,TRUE,PAN,3.17,3,Kannada,2
user_682,FALSE,Selfie,10.13,6,Hindi,2
user_683,TRUE,Selfie,8.44,9,Bengali,0
user_684,FALSE,None,5.58,7,Bengali,2
user_685,TRUE,PAN,8.16,4,Odia,0
user_686,TRUE,PAN,12.08,3,Bengali,1
user_687,TRUE,Address,12.42,4,Gujarati,0
user_688,TRUE,None,10.44,3,Odia,1
user_689,TRUE,Address,8.08,3,Bengali,0
user_690,TRUE,None,9.48,9,Odia,0
user_691,TRUE,PAN,7.01,4,Marathi,2
user_692,TRUE,None,3.65,9,Odia,0
user_693,TRUE,None,7.01,5,Tamil,0
user_694,TRUE,None,8.89,7,Gujarati,2
user_695,TRUE,Aadhaar,9.78,5,Hindi,1
user_696,TRUE,Aadhaar,14.17,1,Tamil,2
user_697,TRUE,PAN,12.11,2,Tamil,2
user_698,TRUE,None,3.98,5,Tamil,2
user_699,TRUE,PAN,4.26,6,Bengali,1
user_700,TRUE,Aadhaar,3.31,7,Odia,0
user_701,TRUE,None,11.6,2,Odia,0
user_702,TRUE,Address,11.18,9,Kannada,2
user_703,TRUE,Aadhaar,14.82,6,Bengali,2
user_704,TRUE,Aadhaar,8.79,2,Gujarati,0
user_705,FALSE,Aadhaar,12.74,2,Bengali,0
user_706,FALSE,None,9.49,3,Bengali,0
user_707,TRUE,Selfie,13.36,1,Bengali,1
user_708,TRUE,Address,11.37,9,Gujarati,1
user_709,TRUE,Address,10.36,4,Kannada,2
user_710,TRUE,PAN,9.35,5,Gujarati,1
user_711,TRUE,None,11.4,7,Marathi,2
user_712,TRUE,Aadhaar,7.46,1,Kannada,0
user_713,TRUE,Selfie,3.26,3,Marathi,0
user_714,TRUE,None,2.52,3,Marathi,2
user_715,TRUE,None,8.23,2,Marathi,0
user_716,TRUE,Selfie,9.79,8,Odia,2
user_717,TRUE,Aadhaar,3.03,5,Tamil,2
user_718,TRUE,None,5.73,1,Tamil,2
user_719,TRUE,Address,6.19,2,Marathi,1
user_720,TRUE,Address,9.32,1,Marathi,2
user_721,TRUE,Selfie,5.62,6,Hindi,2
user_722,TRUE,Aadhaar,3.24,9,Tamil,2
user_723,TRUE,Selfie,4.14,7,Hindi,1
user_724,FALSE,None,4.26,5,Kannada,0
user_725,TRUE,Address,12.96,3,Hindi,1
user_726,TRUE,PAN,5.7,8,Bengali,2
user_727,TRUE,Selfie,11.29,4,Odia,1
user_728,TRUE,PAN,9.38,9,Kannada,0
user_729,FALSE,PAN,14.7,5,Gujarati,0
user_730,TRUE,Address,5.55,6,Tamil,2
user_731,TRUE,Selfie,4.06,5,Marathi,0
user_732,TRUE,PAN,2.68,7,Kannada,1
user_733,TRUE,None,5.13,7,Marathi,1
user_734,TRUE,Aadhaar,10.89,1,Gujarati,0
user_735,TRUE,Aadhaar,3.11,2,Kannada,2
user_736,TRUE,Address,5.18,7,Tamil,2
user_737,FALSE,Selfie,13.12,8,Kannada,1
user_738,TRUE,Selfie,9.58,4,Marathi,0
user_739,TRUE,Aadhaar,2.9,6,Marathi,1
user_740,TRUE,None,2.62,3,Bengali,1
user_741,TRUE,Aadhaar,2.79,7,Hindi,1
user_742,TRUE,Aadhaar,14.24,3,Kannada,2
user_743,TRUE,Selfie,13.05,7,Marathi,0
user_744,TRUE,PAN,12.98,8,Odia,0
user_745,TRUE,None,14.01,3,Tamil,2
user_746,TRUE,Selfie,8.57,2,Odia,1
user_747,TRUE,Aadhaar,5.22,6,Gujarati,1
user_748,TRUE,PAN,7.22,4,Kannada,2
user_749,TRUE,None,11.35,8,Bengali,0
user_750,FALSE,Address,13.39,2,Tamil,2
user_751,TRUE,None,7.66,4,Bengali,0
user_752,TRUE,None,8.96,2,Hindi,0
user_753,TRUE,Aadhaar,14.11,2,Marathi,0
user_754,TRUE,Aadhaar,3.4,2,Tamil,1
user_755,TRUE,Address,13.21,1,Gujarati,1
user_756,TRUE,Address,4.07,4,Kannada,2
user_757,TRUE,Address,8.29,2,Hindi,2
user_758,TRUE,Selfie,4.84,9,Hindi,1
user_759,TRUE,Selfie,9.84,9,Bengali,2
user_760,TRUE,Aadhaar,9.26,7,Hindi,1
user_761,TRUE,Aadhaar,6.94,6,Tamil,1
user_762,FALSE,Address,13.22,3,Bengali,0
user_763,TRUE,Selfie,10.58,7,Hindi,0
user_764,TRUE,PAN,11.38,1,Kannada,1
user_765,TRUE,Selfie,3.96,9,Gujarati,0
user_766,TRUE,Aadhaar,13.48,4,Kannada,1
user_767,FALSE,Selfie,4.17,6,Odia,0
user_768,TRUE,Aadhaar,4.9,6,Tamil,2
user_769,TRUE,Address,3.66,3,Gujarati,2
user_770,TRUE,Address,7.72,4,Gujarati,1
user_771,TRUE,Address,13.54,3,Bengali,1
user_772,TRUE,PAN,5.28,6,Marathi,0
user_773,TRUE,PAN,6.86,1,Bengali,0
user_774,TRUE,Aadhaar,13,8,Tamil,1
user_775,TRUE,None,10.03,8,Tamil,2
user_776,FALSE,PAN,11.77,9,Bengali,2
user_777,TRUE,Aadhaar,4.78,6,Marathi,1
user_778,TRUE,Selfie,11.31,1,Kannada,2
user_779,TRUE,Address,4.96,3,Bengali,1
user_780,TRUE,Address,14.84,1,Tamil,0
user_781,FALSE,Address,9.28,5,Marathi,2
user_782,TRUE,Aadhaar,11.04,3,Tamil,2
user_783,TRUE,Address,3.54,2,Marathi,0
user_784,TRUE,PAN,5.26,3,Marathi,0
user_785,TRUE,Selfie,3.82,9,Bengali,2
user_786,TRUE,Address,7.07,8,Bengali,2
user_787,TRUE,Aadhaar,5.69,3,Bengali,1
user_788,TRUE,Selfie,11.53,2,Marathi,1
user_789,TRUE,Address,3.41,5,Marathi,2
user_790,TRUE,None,11.78,1,Tamil,1
user_791,TRUE,Address,2.59,4,Gujarati,0
user_792,TRUE,PAN,4.63,8,Bengali,1
user_793,TRUE,Selfie,12.3,1,Odia,1
user_794,TRUE,PAN,11.66,5,Tamil,2
user_795,TRUE,None,8.19,4,Tamil,1
user_796,TRUE,None,2.65,6,Hindi,2
user_797,TRUE,PAN,9.93,7,Bengali,2
user_798,TRUE,Selfie,7.29,9,Kannada,2
user_799,TRUE,None,6.11,1,Tamil,0
user_800,TRUE,None,10.33,4,Hindi,1
user_801,TRUE,Address,7.68,6,Odia,1
user_802,TRUE,Aadhaar,3.2,7,Odia,1
user_803,TRUE,None,13.91,7,Kannada,2
user_804,TRUE,Selfie,12.12,8,Bengali,0
user_805,TRUE,Selfie,2.73,8,Marathi,2
user_806,TRUE,Address,8.83,8,Hindi,1
user_807,TRUE,Selfie,3.08,8,Marathi,2
user_808,TRUE,Address,12.88,8,Odia,2
user_809,TRUE,None,9.97,6,Odia,1
user_810,TRUE,None,4.24,9,Gujarati,2
user_811,TRUE,None,2.27,3,Gujarati,2
user_812,TRUE,None,2.41,6,Kannada,0
user_813,TRUE,Aadhaar,8.6,5,Gujarati,2
user_814,TRUE,Aadhaar,11.55,8,Gujarati,0
user_815,TRUE,None,3.57,4,Kannada,1
user_816,TRUE,Selfie,4.88,4,Tamil,0
user_817,TRUE,Address,6.25,5,Gujarati,2
user_818,TRUE,PAN,4.83,6,Tamil,1
user_819,TRUE,Address,7.09,4,Tamil,2
user_820,TRUE,PAN,9.27,2,Bengali,2
user_821,TRUE,PAN,10.9,2,Tamil,0
user_822,TRUE,None,14.53,3,Tamil,2
user_823,TRUE,PAN,14.1,2,Gujarati,0
user_824,TRUE,None,9.41,1,Tamil,1
user_825,TRUE,Aadhaar,11.54,8,Marathi,1
user_826,TRUE,Selfie,14.36,5,Kannada,2
user_827,TRUE,PAN,3.09,1,Gujarati,0
user_828,TRUE,Selfie,2.07,9,Kannada,2
user_829,TRUE,None,2.39,8,Hindi,2
user_830,TRUE,PAN,9.32,4,Gujarati,2
user_831,TRUE,Address,11.92,8,Tamil,2
user_832,TRUE,Aadhaar,6.77,7,Marathi,0
user_833,TRUE,Aadhaar,9.09,7,Kannada,2
user_834,TRUE,PAN,8.71,1,Gujarati,1
user_835,TRUE,Aadhaar,3.23,6,Marathi,0
user_836,TRUE,Address,6.18,4,Kannada,2
user_837,TRUE,Selfie,2.25,2,Hindi,0
user_838,FALSE,Address,3.44,7,Odia,2
user_839,TRUE,Aadhaar,12.55,9,Hindi,1
user_840,TRUE,Selfie,12.78,5,Odia,1
user_841,TRUE,Address,12.43,8,Bengali,1
user_842,TRUE,None,11.45,5,Odia,0
user_843,TRUE,None,12.31,7,Bengali,1
user_844,TRUE,Selfie,10.72,7,Gujarati,2
user_845,TRUE,Selfie,10.71,9,Bengali,2
user_846,TRUE,Selfie,10.68,3,Marathi,2
user_847,TRUE,None,8.68,1,Bengali,0
user_848,TRUE,Address,6.72,2,Marathi,0
user_849,FALSE,Selfie,11.49,6,Kannada,1
user_850,TRUE,None,5.88,9,Kannada,0
user_851,FALSE,Selfie,9.06,3,Odia,2
user_852,TRUE,Selfie,7.63,2,Odia,2
user_853,TRUE,Selfie,5.6,1,Odia,2
user_854,TRUE,None,14.67,2,Bengali,0
user_855,TRUE,Address,5.36,3,Odia,2
user_856,TRUE,None,6.02,7,Bengali,1
user_857,TRUE,None,4.1,2,Bengali,0
user_858,TRUE,Selfie,12.7,5,Tamil,2
user_859,TRUE,PAN,9.63,2,Tamil,2
user_860,TRUE,PAN,9.97,7,Bengali,0
user_861,TRUE,PAN,12.67,8,Kannada,0
user_862,TRUE,None,6.46,8,Marathi,1
user_863,TRUE,Selfie,4.52,8,Gujarati,0
user_864,TRUE,PAN,4.58,9,Hindi,2
user_865,TRUE,Aadhaar,11.52,1,Tamil,1
user_866,TRUE,Aadhaar,9.98,1,Bengali,2
user_867,TRUE,Aadhaar,4.68,2,Hindi,2
user_868,TRUE,Address,3.89,6,Tamil,2
user_869,TRUE,Selfie,3.57,1,Gujarati,0
user_870,TRUE,None,10.16,5,Marathi,0
user_871,TRUE,None,2,5,Bengali,2
user_872,TRUE,Selfie,2.24,4,Gujarati,0
user_873,FALSE,Address,7.06,5,Kannada,2
user_874,TRUE,Selfie,10.99,1,Tamil,0
user_875,TRUE,Address,11.04,6,Bengali,0
user_876,TRUE,PAN,7.59,7,Hindi,0
user_877,TRUE,PAN,10.98,8,Kannada,1
user_878,FALSE,Address,8.77,2,Kannada,0
user_879,TRUE,Selfie,14.7,7,Odia,1
user_880,TRUE,PAN,4.11,6,Marathi,1
user_881,TRUE,Selfie,9.81,9,Kannada,1
user_882,TRUE,PAN,8.39,8,Tamil,2
user_883,TRUE,Selfie,4.53,4,Marathi,0
user_884,TRUE,Selfie,11.75,9,Bengali,2
user_885,TRUE,Aadhaar,5.58,1,Odia,1
user_886,TRUE,Address,6.96,6,Gujarati,0
user_887,TRUE,None,6.87,8,Marathi,2
user_888,TRUE,Address,5.17,4,Hindi,1
user_889,TRUE,Selfie,7.6,2,Tamil,2
user_890,TRUE,Selfie,8.15,2,Hindi,2
user_891,TRUE,Address,11.67,1,Marathi,0
user_892,TRUE,Selfie,11.95,5,Odia,0
user_893,TRUE,PAN,4.06,6,Gujarati,2
user_894,TRUE,Selfie,9.71,4,Gujarati,0
user_895,TRUE,Address,13.65,4,Hindi,0
user_896,TRUE,Address,3.41,5,Bengali,2
user_897,TRUE,Address,8.15,5,Bengali,0
user_898,FALSE,Aadhaar,11.75,9,Odia,0
user_899,TRUE,Aadhaar,9.95,8,Gujarati,1
user_900,TRUE,Aadhaar,3.31,9,Hindi,0
user_901,TRUE,Aadhaar,7.16,3,Hindi,1
user_902,TRUE,Aadhaar,8.59,3,Hindi,2
user_903,TRUE,Aadhaar,14.95,1,Marathi,1
user_904,TRUE,Aadhaar,4.32,6,Odia,2
user_905,TRUE,Address,14.77,4,Bengali,0
user_906,TRUE,None,6.89,8,Bengali,0
user_907,FALSE,Aadhaar,4.6,2,Marathi,1
user_908,TRUE,Address,7.38,2,Tamil,2
user_909,TRUE,None,9.98,7,Marathi,0
user_910,TRUE,Aadhaar,4.78,5,Odia,1
user_911,TRUE,None,5.79,1,Hindi,1
user_912,TRUE,None,13.11,7,Marathi,1
user_913,TRUE,PAN,14.99,7,Hindi,0
user_914,FALSE,Selfie,6.14,6,Odia,2
user_915,TRUE,PAN,3.94,4,Kannada,0
user_916,TRUE,None,12.31,8,Odia,0
user_917,FALSE,Address,9.81,2,Gujarati,2
user_918,TRUE,Aadhaar,3.31,2,Hindi,1
user_919,FALSE,Selfie,14.31,2,Bengali,0
user_920,TRUE,Aadhaar,3.01,3,Marathi,1
user_921,FALSE,Address,10.13,6,Kannada,1
user_922,TRUE,Selfie,7.51,1,Odia,2
user_923,TRUE,PAN,9.24,2,Hindi,2
user_924,FALSE,None,4.77,2,Kannada,2
user_925,TRUE,Address,10.95,1,Tamil,1
user_926,TRUE,None,14.48,3,Gujarati,1
user_927,TRUE,None,7.96,7,Tamil,0
user_928,TRUE,Aadhaar,8.8,1,Odia,1
user_929,TRUE,Address,5.12,7,Tamil,2
user_930,TRUE,None,13.59,5,Tamil,2
user_931,TRUE,PAN,14.63,9,Gujarati,2
user_932,TRUE,Selfie,12.22,2,Gujarati,2
user_933,TRUE,Address,9.06,1,Gujarati,1
user_934,TRUE,Aadhaar,14.44,9,Kannada,2
user_935,TRUE,Address,4,8,Gujarati,0
user_936,TRUE,Aadhaar,8.22,6,Tamil,1
user_937,FALSE,Selfie,8.99,5,Bengali,2
user_938,TRUE,PAN,8.39,8,Bengali,0
user_939,TRUE,None,12.43,8,Gujarati,2
user_940,FALSE,Address,10.72,5,Kannada,1
user_941,TRUE,Aadhaar,3.65,7,Marathi,1
user_942,TRUE,Selfie,6.5,1,Hindi,0
user_943,TRUE,None,6.41,4,Odia,1
user_944,FALSE,Selfie,9.35,2,Kannada,0
user_945,TRUE,PAN,5.79,3,Marathi,2
user_946,TRUE,None,3.52,1,Odia,1
user_947,TRUE,None,10.5,2,Marathi,2
user_948,TRUE,None,13.06,1,Marathi,2
user_949,TRUE,Aadhaar,14.11,8,Bengali,1
user_950,TRUE,None,14.64,4,Hindi,2
user_951,TRUE,Selfie,12.15,3,Marathi,0
user_952,TRUE,Aadhaar,3.82,1,Gujarati,0
user_953,TRUE,None,13.09,2,Odia,0
user_954,TRUE,Selfie,7.2,3,Kannada,1
user_955,TRUE,Selfie,11.49,3,Bengali,2
user_956,FALSE,Address,8.91,6,Odia,2
user_957,TRUE,Selfie,12.77,8,Gujarati,2
user_958,TRUE,PAN,7.53,6,Gujarati,2
user_959,FALSE,None,2.8,2,Marathi,0
user_960,TRUE,None,9.24,2,Gujarati,1
user_961,TRUE,None,4.23,7,Hindi,0
user_962,TRUE,Selfie,14.55,1,Gujarati,0
user_963,TRUE,Selfie,8.85,1,Marathi,1
user_964,TRUE,None,9.2,7,Odia,1
user_965,TRUE,Aadhaar,13.79,9,Gujarati,0
user_966,TRUE,Aadhaar,10.12,5,Bengali,2
user_967,TRUE,PAN,5.94,1,Kannada,1
user_968,TRUE,Address,5.85,5,Bengali,1
user_969,TRUE,PAN,8.52,1,Bengali,0
user_970,TRUE,None,13.27,9,Odia,2
user_971,TRUE,None,12.33,4,Tamil,1
user_972,TRUE,None,14.52,9,Kannada,0
user_973,FALSE,Address,2.93,2,Bengali,1
user_974,TRUE,Selfie,5.49,7,Bengali,2
user_975,TRUE,Address,3.04,2,Tamil,0
user_976,TRUE,PAN,11.76,4,Odia,0
user_977,TRUE,Selfie,3.83,6,Kannada,2
user_978,TRUE,Selfie,3.3,2,Bengali,0
user_979,TRUE,PAN,9.3,2,Marathi,2
user_980,TRUE,Selfie,7.35,2,Odia,0
user_981,TRUE,Aadhaar,11.3,3,Kannada,2
user_982,FALSE,PAN,8.33,5,Bengali,1
user_983,TRUE,PAN,7.53,9,Bengali,1
user_984,TRUE,Aadhaar,7.53,6,Tamil,1
user_985,TRUE,Address,13.33,9,Kannada,0
user_986,TRUE,Address,7.14,5,Marathi,2
user_987,TRUE,Address,6.33,6,Odia,2
user_988,FALSE,Selfie,6.4,8,Gujarati,1
user_989,TRUE,Aadhaar,4.56,3,Hindi,1
user_990,TRUE,PAN,13.19,2,Marathi,1
user_991,TRUE,PAN,3.91,3,Gujarati,2
user_992,FALSE,PAN,13.81,9,Marathi,1
user_993,TRUE,Selfie,5.69,6,Kannada,0
user_994,TRUE,Selfie,13.69,4,Gujarati,1
user_995,TRUE,Address,12.28,3,Kannada,1
user_996,TRUE,Selfie,9.57,2,Gujarati,2
user_997,TRUE,Address,10.7,4,Marathi,0
user_998,TRUE,Address,6.24,9,Tamil,2
user_999,TRUE,PAN,9.46,4,Marathi,0
user_1000,TRUE,Selfie,5.8,5,Kannada,0
