user_id,location,age,gender,preferred_language,literacy_level,smartphone_owner
user_1,Patna,32,Female,Odia,High,TRUE
user_2,Guwahati,27,Male,Tamil,Low,TRUE
user_3,Patna,47,Male,Kannada,High,TRUE
user_4,Guwahati,49,Other,Bengali,Low,TRUE
user_5,Indore,49,Other,Marathi,Medium,TRUE
user_6,Guwahati,27,Other,Hindi,Medium,TRUE
user_7,Surat,49,Male,Odia,High,TRUE
user_8,Raipur,43,Male,Tamil,Medium,TRUE
user_9,Guwahati,36,Other,Hindi,High,TRUE
user_10,Patna,18,Other,Kannada,Medium,TRUE
user_11,Surat,41,Female,Kannada,High,TRUE
user_12,Guwahati,46,Female,Marathi,High,FALSE
user_13,Guwahati,43,Other,Gujarati,Low,TRUE
user_14,Patna,27,Other,Gujarati,Low,TRUE
user_15,Coimbatore,19,Female,Bengali,Low,TRUE
user_16,Coimbatore,34,Other,Tamil,Low,TRUE
user_17,Guwahati,47,Female,Tamil,High,TRUE
user_18,Coimbatore,41,Female,Kannada,Medium,TRUE
user_19,Varanasi,24,Female,Bengali,High,FALSE
user_20,Patna,24,Male,Hindi,Low,FALSE
user_21,Varanasi,37,Male,Gujarati,Low,FALSE
user_22,Surat,44,Other,Gujarati,Medium,FALSE
user_23,Varanasi,26,Female,Kannada,Low,TRUE
user_24,Surat,39,Male,Tamil,High,TRUE
user_25,Guwahati,19,Other,Kannada,High,FALSE
user_26,Surat,31,Other,Tamil,High,TRUE
user_27,Surat,34,Other,Bengali,High,FALSE
user_28,Raipur,18,Other,Marathi,High,TRUE
user_29,Varanasi,26,Other,Hindi,Medium,TRUE
user_30,Raipur,37,Female,Odia,High,TRUE
user_31,Guwahati,38,Other,Marathi,Low,FALSE
user_32,Patna,36,Female,Marathi,Low,TRUE
user_33,Varanasi,21,Male,Tamil,Low,TRUE
user_34,Patna,45,Other,Tamil,Low,TRUE
user_35,Patna,25,Male,Tamil,Medium,TRUE
user_36,Surat,30,Female,Marathi,Low,TRUE
user_37,Varanasi,21,Female,Kannada,Medium,TRUE
user_38,Patna,26,Male,Hindi,Low,TRUE
user_39,Coimbatore,26,Other,Kannada,Medium,TRUE
user_40,Patna,49,Other,Tamil,Medium,TRUE
user_41,Coimbatore,39,Male,Gujarati,Medium,TRUE
user_42,Varanasi,35,Male,Kannada,Low,TRUE
user_43,Guwahati,29,Male,Hindi,Medium,TRUE
user_44,Raipur,27,Other,Gujarati,High,FALSE
user_45,Varanasi,28,Other,Hindi,High,TRUE
user_46,Raipur,24,Other,Tamil,Low,TRUE
user_47,Raipur,26,Male,Kannada,High,TRUE
user_48,Varanasi,23,Other,Odia,High,TRUE
user_49,Patna,36,Female,Bengali,High,TRUE
user_50,Indore,33,Male,Tamil,Low,TRUE
user_51,Patna,47,Other,Marathi,Low,TRUE
user_52,Patna,32,Male,Odia,High,TRUE
user_53,Guwahati,24,Female,Marathi,Low,TRUE
user_54,Surat,33,Female,Hindi,Medium,TRUE
user_55,Surat,22,Male,Marathi,High,TRUE
user_56,Patna,33,Male,Odia,Low,TRUE
user_57,Coimbatore,18,Female,Odia,Low,TRUE
user_58,Guwahati,36,Male,Tamil,High,FALSE
user_59,Raipur,22,Female,Gujarati,Low,TRUE
user_60,Surat,24,Female,Tamil,High,TRUE
user_61,Patna,36,Other,Hindi,Low,TRUE
user_62,Guwahati,39,Male,Marathi,Medium,FALSE
user_63,Indore,22,Male,Gujarati,High,TRUE
user_64,Coimbatore,46,Other,Kannada,Medium,TRUE
user_65,Varanasi,34,Female,Bengali,High,TRUE
user_66,Patna,49,Male,Odia,Low,FALSE
user_67,Guwahati,43,Other,Gujarati,Medium,TRUE
user_68,Patna,39,Other,Kannada,Low,FALSE
user_69,Raipur,47,Male,Gujarati,High,TRUE
user_70,Coimbatore,25,Other,Tamil,High,TRUE
user_71,Surat,46,Female,Kannada,High,TRUE
user_72,Surat,46,Other,Bengali,High,TRUE
user_73,Surat,18,Female,Odia,High,FALSE
user_74,Varanasi,19,Female,Hindi,Medium,TRUE
user_75,Guwahati,47,Male,Hindi,High,TRUE
user_76,Coimbatore,32,Other,Gujarati,Low,TRUE
user_77,Coimbatore,37,Female,Kannada,Medium,TRUE
user_78,Surat,45,Female,Gujarati,Low,TRUE
user_79,Surat,35,Other,Marathi,High,TRUE
user_80,Raipur,28,Female,Bengali,Low,TRUE
user_81,Indore,42,Other,Odia,Medium,TRUE
user_82,Indore,27,Male,Gujarati,Medium,TRUE
user_83,Patna,41,Female,Marathi,Medium,TRUE
user_84,Patna,41,Female,Kannada,Low,TRUE
user_85,Coimbatore,21,Other,Bengali,Medium,TRUE
user_86,Coimbatore,22,Other,Odia,Low,TRUE
user_87,Varanasi,21,Other,Hindi,High,TRUE
user_88,Varanasi,30,Other,Marathi,High,TRUE
user_89,Indore,42,Female,Kannada,Low,TRUE
user_90,Patna,30,Male,Bengali,Medium,FALSE
user_91,Indore,35,Male,Marathi,Low,TRUE
user_92,Indore,46,Male,Gujarati,Low,FALSE
user_93,Patna,44,Male,Tamil,Low,TRUE
user_94,Guwahati,41,Other,Hindi,High,FALSE
user_95,Varanasi,19,Female,Gujarati,Low,TRUE
user_96,Raipur,33,Female,Gujarati,High,TRUE
user_97,Raipur,18,Female,Kannada,Low,TRUE
user_98,Raipur,43,Other,Kannada,High,TRUE
user_99,Patna,36,Female,Bengali,Low,FALSE
user_100,Surat,26,Other,Kannada,Low,TRUE
user_101,Surat,45,Female,Marathi,Medium,TRUE
user_102,Surat,20,Male,Hindi,Medium,FALSE
user_103,Coimbatore,42,Other,Gujarati,Low,TRUE
user_104,Varanasi,24,Female,Bengali,Low,TRUE
user_105,Varanasi,46,Male,Hindi,Low,TRUE
user_106,Guwahati,27,Male,Kannada,Low,FALSE
user_107,Guwahati,18,Male,Kannada,Medium,TRUE
user_108,Coimbatore,27,Other,Marathi,High,TRUE
user_109,Indore,38,Other,Kannada,Low,TRUE
user_110,Guwahati,26,Female,Gujarati,Medium,TRUE
user_111,Raipur,45,Male,Odia,Low,TRUE
user_112,Surat,32,Female,Gujarati,Low,FALSE
user_113,Raipur,32,Female,Gujarati,High,FALSE
user_114,Surat,20,Male,Kannada,Low,TRUE
user_115,Raipur,42,Female,Hindi,Low,TRUE
user_116,Indore,22,Other,Kannada,High,TRUE
user_117,Raipur,26,Female,Hindi,High,TRUE
user_118,Raipur,43,Male,Hindi,High,TRUE
user_119,Patna,39,Other,Hindi,High,FALSE
user_120,Raipur,49,Other,Bengali,Medium,TRUE
user_121,Patna,26,Female,Tamil,Medium,TRUE
user_122,Varanasi,40,Female,Kannada,Medium,TRUE
user_123,Coimbatore,24,Other,Bengali,Low,TRUE
user_124,Raipur,41,Female,Gujarati,High,TRUE
user_125,Varanasi,40,Male,Bengali,High,TRUE
user_126,Guwahati,29,Female,Marathi,Medium,FALSE
user_127,Guwahati,42,Female,Odia,Low,FALSE
user_128,Patna,44,Other,Hindi,Low,TRUE
user_129,Raipur,26,Female,Kannada,Low,FALSE
user_130,Raipur,23,Female,Marathi,Medium,TRUE
user_131,Indore,40,Female,Kannada,Low,TRUE
user_132,Varanasi,19,Male,Odia,Low,TRUE
user_133,Surat,48,Female,Marathi,Low,TRUE
user_134,Surat,26,Male,Kannada,High,FALSE
user_135,Indore,45,Male,Gujarati,Medium,TRUE
user_136,Patna,46,Male,Hindi,High,TRUE
user_137,Surat,34,Male,Marathi,High,TRUE
user_138,Surat,18,Other,Gujarati,Medium,TRUE
user_139,Guwahati,36,Male,Hindi,High,TRUE
user_140,Guwahati,45,Female,Tamil,Low,TRUE
user_141,Coimbatore,23,Male,Gujarati,Low,TRUE
user_142,Varanasi,22,Female,Bengali,Low,TRUE
user_143,Patna,48,Male,Kannada,Low,TRUE
user_144,Raipur,19,Other,Hindi,Medium,TRUE
user_145,Varanasi,26,Male,Marathi,High,TRUE
user_146,Patna,47,Male,Odia,High,TRUE
user_147,Surat,46,Other,Marathi,Low,FALSE
user_148,Coimbatore,43,Male,Bengali,Low,TRUE
user_149,Varanasi,31,Female,Kannada,High,TRUE
user_150,Surat,21,Male,Bengali,Medium,TRUE
user_151,Patna,21,Male,Marathi,High,TRUE
user_152,Varanasi,38,Male,Kannada,Low,TRUE
user_153,Raipur,32,Other,Odia,Low,TRUE
user_154,Varanasi,25,Male,Hindi,Medium,TRUE
user_155,Surat,43,Male,Kannada,High,TRUE
user_156,Varanasi,21,Female,Gujarati,Medium,TRUE
user_157,Raipur,33,Male,Kannada,Medium,TRUE
user_158,Coimbatore,38,Male,Bengali,Low,TRUE
user_159,Coimbatore,45,Male,Bengali,High,TRUE
user_160,Surat,21,Male,Bengali,Low,TRUE
user_161,Patna,47,Female,Odia,High,TRUE
user_162,Surat,33,Female,Kannada,Low,TRUE
user_163,Coimbatore,39,Other,Kannada,Low,TRUE
user_164,Indore,29,Male,Tamil,High,TRUE
user_165,Indore,33,Other,Odia,High,TRUE
user_166,Varanasi,36,Other,Hindi,Low,TRUE
user_167,Raipur,25,Male,Hindi,High,TRUE
user_168,Guwahati,23,Female,Hindi,Low,TRUE
user_169,Guwahati,27,Female,Hindi,High,TRUE
user_170,Guwahati,22,Male,Hindi,Low,TRUE
user_171,Varanasi,46,Male,Marathi,Low,TRUE
user_172,Indore,48,Female,Bengali,Low,TRUE
user_173,Coimbatore,35,Male,Odia,Medium,TRUE
user_174,Varanasi,27,Male,Marathi,High,TRUE
user_175,Guwahati,27,Male,Odia,Low,TRUE
user_176,Guwahati,24,Female,Tamil,Medium,TRUE
user_177,Surat,35,Other,Kannada,Low,TRUE
user_178,Guwahati,18,Other,Gujarati,Medium,TRUE
user_179,Raipur,24,Male,Bengali,Low,TRUE
user_180,Guwahati,38,Female,Tamil,Low,TRUE
user_181,Surat,18,Male,Marathi,Medium,TRUE
user_182,Guwahati,32,Female,Gujarati,Medium,TRUE
user_183,Raipur,21,Male,Kannada,High,FALSE
user_184,Coimbatore,45,Female,Tamil,High,TRUE
user_185,Varanasi,46,Female,Kannada,Medium,TRUE
user_186,Raipur,37,Other,Kannada,High,TRUE
user_187,Surat,27,Male,Odia,Medium,TRUE
user_188,Varanasi,40,Other,Gujarati,High,TRUE
user_189,Varanasi,26,Other,Odia,Low,TRUE
user_190,Surat,19,Female,Kannada,High,TRUE
user_191,Indore,45,Male,Tamil,Low,TRUE
user_192,Guwahati,31,Female,Kannada,Low,TRUE
user_193,Raipur,33,Female,Marathi,High,TRUE
user_194,Surat,18,Female,Kannada,Medium,TRUE
user_195,Coimbatore,19,Male,Odia,Low,TRUE
user_196,Patna,24,Male,Gujarati,Low,FALSE
user_197,Surat,46,Female,Tamil,High,FALSE
user_198,Guwahati,27,Male,Odia,Medium,FALSE
user_199,Guwahati,39,Female,Kannada,Medium,TRUE
user_200,Varanasi,37,Male,Marathi,High,FALSE
user_201,Varanasi,18,Male,Bengali,Medium,TRUE
user_202,Surat,30,Other,Marathi,High,TRUE
user_203,Patna,18,Female,Kannada,High,TRUE
user_204,Surat,22,Other,Marathi,High,TRUE
user_205,Patna,33,Other,Bengali,Low,TRUE
user_206,Patna,32,Female,Marathi,Low,TRUE
user_207,Guwahati,34,Female,Bengali,Low,TRUE
user_208,Guwahati,45,Male,Kannada,High,TRUE
user_209,Guwahati,48,Female,Bengali,Low,TRUE
user_210,Coimbatore,40,Other,Odia,Low,TRUE
user_211,Guwahati,33,Other,Odia,Low,TRUE
user_212,Raipur,30,Female,Bengali,High,TRUE
user_213,Varanasi,28,Other,Tamil,High,TRUE
user_214,Varanasi,34,Male,Gujarati,High,TRUE
user_215,Patna,34,Other,Tamil,Low,TRUE
user_216,Varanasi,19,Male,Bengali,Medium,TRUE
user_217,Indore,30,Other,Gujarati,Low,TRUE
user_218,Patna,31,Male,Odia,Low,TRUE
user_219,Varanasi,28,Male,Gujarati,High,TRUE
user_220,Indore,45,Female,Bengali,High,TRUE
user_221,Coimbatore,27,Male,Odia,Low,TRUE
user_222,Varanasi,49,Female,Gujarati,Low,TRUE
user_223,Indore,20,Other,Gujarati,Medium,FALSE
user_224,Surat,46,Other,Tamil,Medium,TRUE
user_225,Raipur,44,Other,Gujarati,High,TRUE
user_226,Surat,49,Male,Kannada,Medium,TRUE
user_227,Indore,48,Other,Bengali,Medium,FALSE
user_228,Patna,34,Other,Hindi,High,TRUE
user_229,Guwahati,32,Female,Hindi,Medium,TRUE
user_230,Guwahati,26,Female,Hindi,Low,TRUE
user_231,Guwahati,27,Other,Bengali,Medium,TRUE
user_232,Patna,25,Other,Hindi,High,TRUE
user_233,Varanasi,38,Male,Tamil,Low,TRUE
user_234,Guwahati,30,Male,Bengali,Medium,TRUE
user_235,Surat,44,Other,Kannada,Low,TRUE
user_236,Patna,35,Female,Odia,Low,TRUE
user_237,Patna,22,Other,Kannada,Medium,TRUE
user_238,Guwahati,23,Male,Bengali,Medium,TRUE
user_239,Surat,47,Female,Bengali,High,FALSE
user_240,Coimbatore,48,Female,Gujarati,High,TRUE
user_241,Patna,34,Male,Gujarati,Low,TRUE
user_242,Guwahati,28,Other,Gujarati,High,TRUE
user_243,Raipur,37,Other,Marathi,Low,TRUE
user_244,Indore,33,Other,Tamil,Low,TRUE
user_245,Varanasi,26,Male,Bengali,High,TRUE
user_246,Patna,19,Female,Kannada,High,TRUE
user_247,Raipur,22,Male,Bengali,High,FALSE
user_248,Raipur,18,Other,Gujarati,Medium,TRUE
user_249,Patna,21,Male,Bengali,Low,FALSE
user_250,Coimbatore,21,Female,Odia,Low,TRUE
user_251,Indore,39,Male,Bengali,Low,FALSE
user_252,Varanasi,43,Other,Kannada,High,TRUE
user_253,Patna,42,Female,Hindi,High,TRUE
user_254,Varanasi,20,Male,Odia,High,FALSE
user_255,Surat,26,Male,Odia,High,TRUE
user_256,Raipur,39,Female,Bengali,High,TRUE
user_257,Raipur,40,Female,Marathi,Medium,TRUE
user_258,Patna,29,Other,Gujarati,High,TRUE
user_259,Patna,27,Female,Tamil,Low,TRUE
user_260,Surat,19,Other,Tamil,High,FALSE
user_261,Coimbatore,28,Male,Hindi,Low,TRUE
user_262,Patna,27,Other,Tamil,High,TRUE
user_263,Raipur,47,Male,Tamil,High,TRUE
user_264,Varanasi,39,Female,Gujarati,Low,TRUE
user_265,Indore,23,Male,Gujarati,Low,TRUE
user_266,Guwahati,35,Female,Marathi,Low,TRUE
user_267,Varanasi,19,Male,Kannada,Low,TRUE
user_268,Coimbatore,47,Male,Hindi,Medium,TRUE
user_269,Indore,19,Male,Tamil,Low,TRUE
user_270,Varanasi,49,Male,Marathi,High,TRUE
user_271,Varanasi,27,Other,Hindi,High,TRUE
user_272,Surat,33,Male,Odia,Medium,TRUE
user_273,Guwahati,29,Other,Tamil,Low,TRUE
user_274,Coimbatore,18,Female,Tamil,High,TRUE
user_275,Raipur,38,Female,Gujarati,Medium,FALSE
user_276,Surat,25,Other,Bengali,High,TRUE
user_277,Indore,33,Female,Hindi,Medium,TRUE
user_278,Guwahati,35,Female,Tamil,Medium,TRUE
user_279,Raipur,30,Male,Hindi,Low,TRUE
user_280,Surat,32,Male,Kannada,Medium,FALSE
user_281,Guwahati,38,Male,Marathi,High,TRUE
user_282,Coimbatore,29,Other,Marathi,High,TRUE
user_283,Patna,25,Other,Bengali,Low,TRUE
user_284,Patna,27,Female,Tamil,Low,TRUE
user_285,Indore,31,Male,Kannada,Medium,TRUE
user_286,Patna,22,Other,Gujarati,Low,TRUE
user_287,Surat,35,Other,Tamil,High,FALSE
user_288,Indore,36,Male,Hindi,High,FALSE
user_289,Raipur,32,Other,Odia,Low,TRUE
user_290,Coimbatore,23,Male,Marathi,Low,TRUE
user_291,Indore,44,Female,Hindi,Low,TRUE
user_292,Raipur,28,Female,Bengali,Medium,FALSE
user_293,Indore,38,Female,Marathi,Medium,FALSE
user_294,Varanasi,28,Male,Gujarati,High,TRUE
user_295,Varanasi,37,Other,Marathi,Medium,TRUE
user_296,Indore,37,Female,Odia,Medium,TRUE
user_297,Guwahati,38,Female,Kannada,Medium,TRUE
user_298,Patna,35,Female,Tamil,Medium,TRUE
user_299,Varanasi,42,Other,Odia,High,TRUE
user_300,Guwahati,35,Other,Kannada,Low,TRUE
user_301,Guwahati,27,Male,Odia,High,TRUE
user_302,Coimbatore,19,Female,Tamil,Medium,TRUE
user_303,Raipur,43,Other,Marathi,Low,TRUE
user_304,Surat,47,Male,Bengali,Low,TRUE
user_305,Varanasi,26,Female,Tamil,Low,TRUE
user_306,Indore,31,Other,Tamil,High,TRUE
user_307,Patna,36,Other,Kannada,Low,TRUE
user_308,Surat,48,Male,Gujarati,High,TRUE
user_309,Raipur,27,Female,Marathi,High,TRUE
user_310,Guwahati,40,Female,Tamil,Medium,TRUE
user_311,Raipur,21,Other,Bengali,Medium,TRUE
user_312,Varanasi,46,Female,Hindi,Low,TRUE
user_313,Raipur,46,Male,Marathi,Low,TRUE
user_314,Raipur,23,Other,Gujarati,Medium,TRUE
user_315,Patna,31,Other,Odia,High,TRUE
user_316,Guwahati,21,Male,Tamil,High,TRUE
user_317,Patna,43,Other,Bengali,Medium,TRUE
user_318,Patna,32,Female,Marathi,High,TRUE
user_319,Indore,33,Female,Bengali,Medium,TRUE
user_320,Raipur,24,Other,Bengali,Medium,TRUE
user_321,Raipur,34,Male,Kannada,Low,TRUE
user_322,Raipur,36,Male,Odia,Low,FALSE
user_323,Coimbatore,46,Female,Gujarati,Medium,TRUE
user_324,Patna,36,Male,Marathi,Low,TRUE
user_325,Surat,34,Other,Tamil,Medium,TRUE
user_326,Varanasi,23,Other,Gujarati,High,FALSE
user_327,Guwahati,48,Female,Tamil,High,TRUE
user_328,Surat,46,Female,Hindi,High,TRUE
user_329,Guwahati,28,Female,Bengali,High,TRUE
user_330,Indore,33,Male,Hindi,Medium,TRUE
user_331,Indore,47,Other,Kannada,High,TRUE
user_332,Guwahati,42,Other,Bengali,High,TRUE
user_333,Raipur,25,Other,Odia,High,TRUE
user_334,Surat,28,Female,Gujarati,High,TRUE
user_335,Raipur,49,Other,Tamil,Medium,TRUE
user_336,Coimbatore,24,Male,Kannada,High,TRUE
user_337,Indore,43,Male,Odia,Low,TRUE
user_338,Indore,41,Other,Tamil,Low,TRUE
user_339,Surat,39,Female,Gujarati,Low,TRUE
user_340,Indore,42,Other,Marathi,Low,TRUE
user_341,Coimbatore,36,Male,Kannada,Low,TRUE
user_342,Coimbatore,48,Male,Hindi,Low,TRUE
user_343,Coimbatore,43,Male,Hindi,Medium,TRUE
user_344,Varanasi,27,Other,Tamil,Low,TRUE
user_345,Coimbatore,26,Male,Tamil,High,TRUE
user_346,Coimbatore,21,Female,Tamil,Low,TRUE
user_347,Varanasi,40,Other,Kannada,Medium,TRUE
user_348,Raipur,32,Other,Gujarati,Low,FALSE
user_349,Patna,30,Male,Marathi,High,TRUE
user_350,Indore,42,Male,Hindi,High,TRUE
user_351,Coimbatore,19,Female,Odia,Medium,TRUE
user_352,Indore,19,Other,Bengali,Medium,TRUE
user_353,Surat,33,Male,Kannada,Medium,TRUE
user_354,Indore,26,Female,Kannada,Medium,TRUE
user_355,Guwahati,45,Male,Gujarati,Low,TRUE
user_356,Raipur,30,Other,Hindi,Low,FALSE
user_357,Varanasi,20,Male,Marathi,High,TRUE
user_358,Indore,26,Other,Gujarati,Medium,TRUE
user_359,Indore,30,Male,Odia,Medium,FALSE
user_360,Indore,48,Other,Hindi,Low,TRUE
user_361,Patna,38,Female,Gujarati,Medium,TRUE
user_362,Patna,49,Other,Hindi,High,TRUE
user_363,Surat,39,Female,Hindi,High,TRUE
user_364,Varanasi,19,Other,Kannada,Medium,TRUE
user_365,Indore,25,Female,Marathi,High,TRUE
user_366,Indore,44,Male,Kannada,High,TRUE
user_367,Indore,26,Other,Bengali,Low,FALSE
user_368,Indore,33,Male,Marathi,High,FALSE
user_369,Patna,19,Female,Hindi,Medium,FALSE
user_370,Raipur,23,Other,Gujarati,Medium,TRUE
user_371,Raipur,49,Other,Odia,High,TRUE
user_372,Surat,39,Male,Marathi,Medium,TRUE
user_373,Guwahati,25,Other,Bengali,Low,TRUE
user_374,Coimbatore,43,Other,Hindi,High,FALSE
user_375,Varanasi,45,Male,Odia,High,TRUE
user_376,Raipur,22,Other,Marathi,High,FALSE
user_377,Guwahati,26,Male,Kannada,Medium,TRUE
user_378,Indore,18,Male,Kannada,Medium,FALSE
user_379,Raipur,26,Male,Marathi,High,FALSE
user_380,Surat,27,Male,Marathi,Medium,TRUE
user_381,Coimbatore,40,Male,Marathi,Medium,TRUE
user_382,Raipur,21,Female,Odia,High,TRUE
user_383,Surat,20,Female,Kannada,High,TRUE
user_384,Patna,47,Male,Gujarati,Medium,TRUE
user_385,Coimbatore,27,Female,Bengali,High,TRUE
user_386,Surat,32,Female,Bengali,High,FALSE
user_387,Guwahati,28,Other,Hindi,High,TRUE
user_388,Raipur,31,Male,Tamil,High,TRUE
user_389,Patna,23,Female,Gujarati,Medium,TRUE
user_390,Guwahati,29,Other,Kannada,High,TRUE
user_391,Surat,30,Other,Hindi,Low,TRUE
user_392,Surat,34,Male,Hindi,High,TRUE
user_393,Guwahati,33,Male,Marathi,Low,TRUE
user_394,Raipur,20,Other,Tamil,High,TRUE
user_395,Coimbatore,19,Male,Kannada,Low,TRUE
user_396,Patna,28,Male,Tamil,Low,TRUE
user_397,Indore,46,Other,Gujarati,High,TRUE
user_398,Varanasi,26,Other,Tamil,High,TRUE
user_399,Coimbatore,20,Male,Hindi,High,TRUE
user_400,Patna,46,Female,Tamil,Low,FALSE
user_401,Guwahati,35,Male,Tamil,Medium,TRUE
user_402,Surat,37,Female,Bengali,Medium,TRUE
user_403,Guwahati,32,Other,Kannada,High,TRUE
user_404,Patna,31,Female,Kannada,Medium,TRUE
user_405,Guwahati,19,Other,Hindi,Medium,FALSE
user_406,Guwahati,34,Male,Odia,High,TRUE
user_407,Varanasi,39,Male,Tamil,Low,TRUE
user_408,Raipur,48,Other,Tamil,High,TRUE
user_409,Varanasi,43,Other,Marathi,Medium,TRUE
user_410,Indore,25,Other,Kannada,Low,TRUE
user_411,Indore,27,Male,Tamil,Medium,TRUE
user_412,Varanasi,43,Male,Kannada,Low,TRUE
user_413,Coimbatore,49,Female,Tamil,Medium,TRUE
user_414,Coimbatore,35,Other,Bengali,High,TRUE
user_415,Guwahati,47,Female,Hindi,Medium,TRUE
user_416,Guwahati,42,Male,Kannada,Medium,TRUE
user_417,Surat,48,Female,Gujarati,Low,TRUE
user_418,Indore,46,Female,Hindi,Medium,TRUE
user_419,Surat,36,Male,Marathi,High,TRUE
user_420,Indore,25,Male,Hindi,High,TRUE
user_421,Varanasi,45,Other,Tamil,High,TRUE
user_422,Coimbatore,25,Female,Marathi,Low,TRUE
user_423,Guwahati,48,Male,Hindi,Low,TRUE
user_424,Coimbatore,20,Male,Marathi,Medium,FALSE
user_425,Varanasi,20,Female,Gujarati,Medium,TRUE
user_426,Surat,29,Male,Hindi,Medium,TRUE
user_427,Surat,48,Other,Kannada,Low,TRUE
user_428,Patna,39,Other,Kannada,Low,FALSE
user_429,Guwahati,34,Female,Odia,Medium,TRUE
user_430,Guwahati,21,Other,Tamil,Low,FALSE
user_431,Guwahati,34,Male,Marathi,Low,FALSE
user_432,Indore,31,Male,Odia,High,TRUE
user_433,Surat,36,Male,Odia,High,FALSE
user_434,Varanasi,26,Male,Bengali,Medium,TRUE
user_435,Surat,47,Female,Marathi,Medium,TRUE
user_436,Coimbatore,47,Other,Odia,High,TRUE
user_437,Indore,38,Other,Bengali,Low,TRUE
user_438,Guwahati,29,Male,Odia,Medium,TRUE
user_439,Raipur,22,Female,Tamil,Medium,TRUE
user_440,Patna,49,Male,Gujarati,Medium,TRUE
user_441,Indore,28,Male,Bengali,Low,TRUE
user_442,Coimbatore,37,Female,Gujarati,High,TRUE
user_443,Guwahati,20,Female,Marathi,Medium,TRUE
user_444,Coimbatore,38,Male,Tamil,High,TRUE
user_445,Coimbatore,32,Other,Bengali,High,TRUE
user_446,Guwahati,31,Male,Marathi,Low,TRUE
user_447,Coimbatore,28,Other,Odia,Low,TRUE
user_448,Varanasi,37,Other,Kannada,Low,TRUE
user_449,Patna,25,Female,Hindi,Low,TRUE
user_450,Raipur,21,Female,Marathi,Low,TRUE
user_451,Coimbatore,44,Male,Gujarati,Low,FALSE
user_452,Coimbatore,29,Other,Tamil,Medium,TRUE
user_453,Surat,25,Other,Tamil,High,FALSE
user_454,Patna,23,Male,Marathi,Low,TRUE
user_455,Indore,32,Male,Odia,Medium,TRUE
user_456,Patna,47,Male,Hindi,High,TRUE
user_457,Patna,29,Female,Gujarati,Low,TRUE
user_458,Guwahati,33,Male,Marathi,Low,TRUE
user_459,Guwahati,33,Male,Marathi,Medium,TRUE
user_460,Guwahati,44,Other,Kannada,High,TRUE
user_461,Raipur,38,Male,Tamil,Low,TRUE
user_462,Patna,37,Other,Gujarati,High,TRUE
user_463,Raipur,37,Other,Hindi,Medium,TRUE
user_464,Coimbatore,45,Female,Tamil,Low,TRUE
user_465,Guwahati,21,Male,Marathi,High,TRUE
user_466,Coimbatore,28,Male,Tamil,Medium,TRUE
user_467,Guwahati,30,Other,Tamil,Medium,TRUE
user_468,Varanasi,46,Female,Bengali,Low,TRUE
user_469,Raipur,26,Female,Tamil,High,FALSE
user_470,Raipur,21,Male,Odia,Low,TRUE
user_471,Indore,29,Other,Tamil,Low,TRUE
user_472,Surat,26,Male,Odia,High,TRUE
user_473,Patna,30,Male,Gujarati,High,TRUE
user_474,Indore,33,Male,Tamil,High,TRUE
user_475,Raipur,49,Male,Hindi,Medium,TRUE
user_476,Indore,43,Other,Odia,Medium,TRUE
user_477,Varanasi,23,Female,Odia,High,TRUE
user_478,Surat,27,Male,Marathi,Medium,TRUE
user_479,Raipur,30,Male,Gujarati,Low,TRUE
user_480,Raipur,24,Male,Tamil,High,TRUE
user_481,Patna,45,Male,Kannada,Low,TRUE
user_482,Guwahati,43,Female,Hindi,High,TRUE
user_483,Surat,36,Female,Marathi,Low,TRUE
user_484,Varanasi,41,Female,Gujarati,High,TRUE
user_485,Coimbatore,36,Female,Odia,Low,TRUE
user_486,Indore,34,Male,Hindi,High,FALSE
user_487,Patna,30,Other,Tamil,High,TRUE
user_488,Raipur,30,Female,Kannada,Medium,TRUE
user_489,Coimbatore,43,Female,Bengali,Low,TRUE
user_490,Varanasi,45,Male,Bengali,Medium,TRUE
user_491,Surat,38,Male,Gujarati,Low,TRUE
user_492,Indore,19,Male,Kannada,Medium,TRUE
user_493,Patna,27,Male,Hindi,High,TRUE
user_494,Raipur,47,Other,Marathi,Medium,TRUE
user_495,Raipur,39,Other,Hindi,Medium,TRUE
user_496,Coimbatore,30,Female,Kannada,High,TRUE
user_497,Coimbatore,43,Other,Odia,Medium,TRUE
user_498,Indore,26,Female,Bengali,High,TRUE
user_499,Surat,18,Female,Gujarati,Low,TRUE
user_500,Varanasi,31,Other,Tamil,Medium,TRUE
user_501,Guwahati,46,Female,Hindi,High,TRUE
user_502,Surat,33,Male,Bengali,High,TRUE
user_503,Surat,37,Female,Marathi,Medium,TRUE
user_504,Surat,32,Male,Gujarati,Low,TRUE
user_505,Guwahati,49,Other,Tamil,Medium,TRUE
user_506,Indore,18,Other,Hindi,High,TRUE
user_507,Guwahati,34,Female,Marathi,Low,TRUE
user_508,Indore,41,Male,Tamil,Medium,TRUE
user_509,Guwahati,47,Female,Odia,High,TRUE
user_510,Varanasi,47,Other,Bengali,Medium,TRUE
user_511,Surat,30,Female,Odia,Low,TRUE
user_512,Indore,47,Female,Bengali,Low,TRUE
user_513,Guwahati,44,Male,Marathi,Low,TRUE
user_514,Varanasi,32,Other,Odia,Low,FALSE
user_515,Guwahati,33,Female,Bengali,Low,TRUE
user_516,Raipur,33,Male,Gujarati,Medium,FALSE
user_517,Varanasi,19,Female,Marathi,Low,FALSE
user_518,Surat,34,Male,Bengali,Low,TRUE
user_519,Patna,49,Male,Hindi,High,FALSE
user_520,Surat,28,Female,Bengali,Low,TRUE
user_521,Patna,25,Other,Odia,High,TRUE
user_522,Varanasi,37,Other,Gujarati,High,TRUE
user_523,Raipur,20,Male,Tamil,High,TRUE
user_524,Raipur,46,Other,Tamil,Medium,TRUE
user_525,Indore,29,Male,Bengali,Medium,TRUE
user_526,Raipur,37,Other,Tamil,High,TRUE
user_527,Coimbatore,33,Female,Bengali,Medium,TRUE
user_528,Varanasi,31,Other,Gujarati,Low,TRUE
user_529,Indore,33,Male,Tamil,Medium,FALSE
user_530,Raipur,44,Male,Odia,Low,TRUE
user_531,Varanasi,38,Other,Odia,Low,TRUE
user_532,Surat,34,Female,Hindi,Medium,TRUE
user_533,Raipur,48,Male,Bengali,Medium,TRUE
user_534,Guwahati,47,Male,Tamil,High,TRUE
user_535,Patna,28,Male,Odia,Medium,TRUE
user_536,Varanasi,34,Male,Kannada,Medium,TRUE
user_537,Indore,36,Male,Gujarati,Medium,TRUE
user_538,Surat,39,Female,Gujarati,Low,FALSE
user_539,Coimbatore,18,Other,Kannada,Low,TRUE
user_540,Surat,47,Female,Kannada,Low,TRUE
user_541,Raipur,44,Female,Hindi,High,TRUE
user_542,Patna,29,Male,Gujarati,High,TRUE
user_543,Surat,32,Female,Gujarati,High,TRUE
user_544,Coimbatore,35,Male,Tamil,Low,TRUE
user_545,Guwahati,48,Female,Bengali,Medium,TRUE
user_546,Indore,45,Male,Marathi,High,TRUE
user_547,Varanasi,47,Male,Gujarati,High,TRUE
user_548,Patna,40,Female,Gujarati,Low,TRUE
user_549,Coimbatore,31,Female,Marathi,High,TRUE
user_550,Raipur,47,Other,Gujarati,Medium,TRUE
user_551,Raipur,18,Other,Tamil,Low,TRUE
user_552,Raipur,30,Other,Tamil,Low,TRUE
user_553,Patna,47,Female,Marathi,Medium,TRUE
user_554,Surat,32,Female,Odia,Medium,TRUE
user_555,Patna,24,Male,Gujarati,Medium,TRUE
user_556,Raipur,32,Other,Odia,High,TRUE
user_557,Guwahati,37,Male,Gujarati,Medium,TRUE
user_558,Coimbatore,27,Male,Bengali,Low,FALSE
user_559,Varanasi,31,Male,Gujarati,Medium,TRUE
user_560,Varanasi,49,Male,Tamil,Low,TRUE
user_561,Patna,23,Other,Hindi,Low,TRUE
user_562,Raipur,31,Male,Kannada,High,TRUE
user_563,Indore,41,Female,Hindi,Medium,TRUE
user_564,Guwahati,42,Female,Hindi,High,TRUE
user_565,Patna,39,Female,Hindi,Medium,TRUE
user_566,Raipur,29,Other,Kannada,Medium,TRUE
user_567,Surat,28,Male,Odia,Medium,TRUE
user_568,Varanasi,46,Other,Kannada,Medium,TRUE
user_569,Varanasi,48,Male,Odia,Medium,TRUE
user_570,Guwahati,47,Other,Kannada,Low,TRUE
user_571,Varanasi,42,Other,Kannada,Low,TRUE
user_572,Indore,37,Male,Gujarati,Medium,TRUE
user_573,Raipur,39,Other,Odia,Low,TRUE
user_574,Raipur,41,Male,Gujarati,High,TRUE
user_575,Guwahati,42,Female,Bengali,High,TRUE
user_576,Raipur,36,Female,Gujarati,High,TRUE
user_577,Guwahati,19,Female,Hindi,Medium,TRUE
user_578,Raipur,39,Other,Marathi,Medium,FALSE
user_579,Indore,37,Female,Marathi,Low,TRUE
user_580,Coimbatore,18,Male,Tamil,Low,TRUE
user_581,Patna,25,Female,Tamil,Low,TRUE
user_582,Patna,42,Female,Gujarati,High,TRUE
user_583,Raipur,31,Other,Kannada,High,TRUE
user_584,Surat,26,Male,Kannada,High,TRUE
user_585,Varanasi,19,Other,Marathi,High,TRUE
user_586,Indore,42,Other,Hindi,Low,TRUE
user_587,Surat,40,Male,Odia,Medium,TRUE
user_588,Surat,22,Other,Hindi,Medium,TRUE
user_589,Raipur,40,Male,Hindi,High,TRUE
user_590,Indore,46,Female,Gujarati,Medium,TRUE
user_591,Patna,42,Male,Gujarati,Medium,TRUE
user_592,Varanasi,25,Male,Bengali,Medium,FALSE
user_593,Patna,33,Male,Hindi,High,TRUE
user_594,Surat,39,Other,Kannada,Low,TRUE
user_595,Varanasi,33,Male,Kannada,Low,TRUE
user_596,Coimbatore,30,Male,Hindi,Medium,TRUE
user_597,Surat,37,Male,Gujarati,Low,TRUE
user_598,Patna,46,Female,Gujarati,Low,TRUE
user_599,Patna,32,Male,Bengali,High,TRUE
user_600,Raipur,18,Other,Bengali,High,TRUE
user_601,Patna,39,Male,Tamil,Medium,TRUE
user_602,Indore,20,Male,Marathi,Medium,TRUE
user_603,Surat,23,Female,Hindi,Medium,TRUE
user_604,Guwahati,39,Male,Kannada,High,TRUE
user_605,Guwahati,31,Other,Hindi,Low,TRUE
user_606,Varanasi,21,Male,Bengali,High,TRUE
user_607,Patna,35,Other,Bengali,High,TRUE
user_608,Raipur,32,Female,Tamil,Low,TRUE
user_609,Raipur,26,Male,Marathi,Low,TRUE
user_610,Patna,35,Female,Tamil,Medium,TRUE
user_611,Indore,20,Male,Kannada,Low,TRUE
user_612,Raipur,27,Other,Marathi,Low,TRUE
user_613,Guwahati,34,Female,Odia,Low,FALSE
user_614,Varanasi,24,Male,Hindi,Low,TRUE
user_615,Surat,32,Other,Tamil,Medium,TRUE
user_616,Coimbatore,18,Female,Bengali,Medium,TRUE
user_617,Indore,44,Male,Tamil,Low,TRUE
user_618,Raipur,42,Female,Odia,Low,TRUE
user_619,Surat,44,Male,Tamil,Medium,TRUE
user_620,Coimbatore,28,Other,Hindi,Medium,TRUE
user_621,Patna,34,Other,Odia,Low,TRUE
user_622,Patna,22,Female,Bengali,High,TRUE
user_623,Varanasi,24,Female,Bengali,Medium,TRUE
user_624,Coimbatore,36,Male,Gujarati,Medium,TRUE
user_625,Patna,42,Other,Odia,Medium,TRUE
user_626,Patna,41,Male,Gujarati,Low,TRUE
user_627,Guwahati,46,Other,Gujarati,Low,FALSE
user_628,Raipur,32,Female,Hindi,Medium,TRUE
user_629,Varanasi,20,Male,Tamil,Low,TRUE
user_630,Surat,32,Male,Bengali,Low,TRUE
user_631,Patna,22,Other,Bengali,Medium,TRUE
user_632,Guwahati,40,Other,Tamil,Low,TRUE
user_633,Indore,29,Other,Bengali,High,TRUE
user_634,Indore,47,Female,Tamil,Low,TRUE
user_635,Surat,37,Male,Odia,Low,TRUE
user_636,Coimbatore,22,Other,Hindi,Medium,TRUE
user_637,Varanasi,20,Female,Hindi,Medium,TRUE
user_638,Guwahati,26,Other,Kannada,High,TRUE
user_639,Raipur,43,Male,Hindi,Low,TRUE
user_640,Guwahati,26,Other,Tamil,High,TRUE
user_641,Indore,24,Male,Kannada,High,TRUE
user_642,Indore,43,Female,Tamil,Medium,TRUE
user_643,Surat,19,Female,Marathi,Low,TRUE
user_644,Coimbatore,40,Other,Kannada,Medium,FALSE
user_645,Coimbatore,40,Male,Bengali,High,TRUE
user_646,Surat,44,Male,Bengali,High,TRUE
user_647,Guwahati,38,Male,Marathi,Medium,TRUE
user_648,Indore,33,Other,Marathi,Medium,TRUE
user_649,Guwahati,26,Male,Hindi,Medium,TRUE
user_650,Guwahati,30,Male,Marathi,Medium,TRUE
user_651,Varanasi,45,Male,Tamil,Medium,FALSE
user_652,Indore,44,Male,Gujarati,High,TRUE
user_653,Coimbatore,36,Other,Tamil,Medium,TRUE
user_654,Raipur,49,Other,Kannada,Low,TRUE
user_655,Guwahati,37,Male,Marathi,High,TRUE
user_656,Indore,34,Male,Bengali,High,TRUE
user_657,Guwahati,23,Female,Tamil,Low,TRUE
user_658,Varanasi,21,Female,Bengali,Low,TRUE
user_659,Patna,18,Male,Tamil,High,FALSE
user_660,Indore,35,Male,Bengali,Medium,TRUE
user_661,Surat,48,Female,Odia,High,TRUE
user_662,Patna,36,Female,Tamil,High,FALSE
user_663,Guwahati,26,Male,Kannada,Low,TRUE
user_664,Surat,30,Other,Bengali,High,FALSE
user_665,Surat,25,Other,Gujarati,Medium,FALSE
user_666,Surat,40,Male,Kannada,Low,FALSE
user_667,Indore,30,Male,Hindi,High,TRUE
user_668,Coimbatore,32,Female,Tamil,High,TRUE
user_669,Guwahati,28,Female,Gujarati,Medium,TRUE
user_670,Patna,29,Other,Hindi,High,FALSE
user_671,Varanasi,31,Male,Tamil,High,TRUE
user_672,Coimbatore,21,Female,Gujarati,High,TRUE
user_673,Guwahati,18,Other,Gujarati,High,TRUE
user_674,Indore,41,Other,Kannada,Medium,TRUE
user_675,Surat,21,Other,Odia,High,TRUE
user_676,Varanasi,36,Female,Gujarati,High,TRUE
user_677,Guwahati,49,Female,Odia,High,TRUE
user_678,Patna,26,Male,Marathi,Low,TRUE
user_679,Guwahati,27,Male,Kannada,Medium,FALSE
user_680,Coimbatore,21,Other,Bengali,Low,TRUE
user_681,Raipur,37,Other,Kannada,Low,TRUE
user_682,Coimbatore,47,Female,Hindi,Medium,TRUE
user_683,Guwahati,26,Female,Bengali,Low,TRUE
user_684,Varanasi,30,Male,Bengali,Low,TRUE
user_685,Guwahati,29,Male,Odia,Low,FALSE
user_686,Guwahati,28,Male,Bengali,Medium,TRUE
user_687,Indore,29,Female,Gujarati,High,TRUE
user_688,Patna,47,Other,Odia,Medium,TRUE
user_689,Varanasi,35,Male,Bengali,Medium,TRUE
user_690,Guwahati,47,Male,Odia,Medium,TRUE
user_691,Surat,29,Female,Marathi,Low,TRUE
user_692,Patna,33,Male,Odia,High,TRUE
user_693,Coimbatore,22,Other,Tamil,Medium,TRUE
user_694,Varanasi,48,Female,Gujarati,Medium,TRUE
user_695,Coimbatore,37,Male,Hindi,High,TRUE
user_696,Guwahati,42,Male,Tamil,High,TRUE
user_697,Coimbatore,29,Female,Tamil,High,TRUE
user_698,Coimbatore,38,Female,Tamil,Low,FALSE
user_699,Indore,42,Male,Bengali,High,TRUE
user_700,Coimbatore,28,Other,Odia,Low,TRUE
user_701,Surat,49,Female,Odia,Medium,FALSE
user_702,Surat,26,Other,Kannada,Low,TRUE
user_703,Patna,47,Male,Bengali,High,TRUE
user_704,Guwahati,35,Other,Gujarati,Low,TRUE
user_705,Raipur,47,Male,Bengali,High,TRUE
user_706,Coimbatore,48,Male,Bengali,Low,TRUE
user_707,Coimbatore,42,Male,Bengali,Medium,TRUE
user_708,Varanasi,20,Male,Gujarati,Low,TRUE
user_709,Indore,37,Other,Kannada,Medium,TRUE
user_710,Raipur,49,Male,Gujarati,High,FALSE
user_711,Patna,34,Male,Marathi,Medium,TRUE
user_712,Raipur,31,Other,Kannada,High,TRUE
user_713,Coimbatore,18,Female,Marathi,High,TRUE
user_714,Varanasi,34,Other,Marathi,Medium,TRUE
user_715,Guwahati,42,Other,Marathi,Medium,TRUE
user_716,Indore,44,Other,Odia,Low,FALSE
user_717,Guwahati,25,Male,Tamil,Low,TRUE
user_718,Patna,22,Male,Tamil,Medium,TRUE
user_719,Raipur,22,Male,Marathi,Medium,TRUE
user_720,Patna,26,Female,Marathi,Medium,TRUE
user_721,Coimbatore,20,Male,Hindi,Medium,TRUE
user_722,Patna,36,Female,Tamil,High,TRUE
user_723,Guwahati,40,Male,Hindi,Medium,TRUE
user_724,Varanasi,26,Other,Kannada,Medium,TRUE
user_725,Patna,39,Male,Hindi,Medium,TRUE
user_726,Surat,47,Female,Bengali,Medium,TRUE
user_727,Varanasi,35,Female,Odia,High,TRUE
user_728,Raipur,33,Male,Kannada,Low,TRUE
user_729,Indore,18,Other,Gujarati,Low,TRUE
user_730,Indore,19,Male,Tamil,Low,TRUE
user_731,Coimbatore,31,Male,Marathi,Low,TRUE
user_732,Coimbatore,31,Male,Kannada,Low,TRUE
user_733,Surat,18,Other,Marathi,High,FALSE
user_734,Raipur,43,Female,Gujarati,Low,TRUE
user_735,Guwahati,43,Other,Kannada,High,FALSE
user_736,Indore,42,Female,Tamil,High,TRUE
user_737,Indore,33,Female,Kannada,Low,TRUE
user_738,Indore,32,Female,Marathi,Low,FALSE
user_739,Guwahati,43,Other,Marathi,Low,TRUE
user_740,Indore,32,Male,Bengali,Medium,TRUE
user_741,Patna,29,Male,Hindi,High,TRUE
user_742,Raipur,33,Male,Kannada,Low,FALSE
user_743,Varanasi,31,Male,Marathi,Medium,FALSE
user_744,Varanasi,46,Male,Odia,High,TRUE
user_745,Surat,41,Other,Tamil,Medium,TRUE
user_746,Patna,32,Other,Odia,Medium,TRUE
user_747,Indore,40,Other,Gujarati,Low,TRUE
user_748,Indore,32,Other,Kannada,High,TRUE
user_749,Coimbatore,36,Other,Bengali,Medium,TRUE
user_750,Coimbatore,25,Other,Tamil,High,TRUE
user_751,Surat,19,Other,Bengali,Low,TRUE
user_752,Indore,19,Male,Hindi,High,TRUE
user_753,Surat,44,Female,Marathi,Medium,FALSE
user_754,Patna,27,Other,Tamil,Medium,TRUE
user_755,Varanasi,20,Female,Gujarati,High,TRUE
user_756,Indore,40,Other,Kannada,Medium,FALSE
user_757,Raipur,34,Other,Hindi,Medium,TRUE
user_758,Guwahati,25,Male,Hindi,Medium,TRUE
user_759,Patna,45,Female,Bengali,Low,TRUE
user_760,Indore,40,Male,Hindi,Low,TRUE
user_761,Guwahati,21,Male,Tamil,Medium,TRUE
user_762,Raipur,31,Female,Bengali,High,TRUE
user_763,Coimbatore,48,Male,Hindi,Low,TRUE
user_764,Surat,38,Other,Kannada,High,FALSE
user_765,Coimbatore,27,Other,Gujarati,Medium,TRUE
user_766,Varanasi,46,Other,Kannada,Medium,TRUE
user_767,Coimbatore,18,Other,Odia,High,TRUE
user_768,Indore,21,Other,Tamil,Low,TRUE
user_769,Raipur,49,Male,Gujarati,High,TRUE
user_770,Coimbatore,48,Male,Gujarati,High,FALSE
user_771,Indore,49,Other,Bengali,Medium,TRUE
user_772,Varanasi,18,Other,Marathi,Low,TRUE
user_773,Guwahati,34,Male,Bengali,High,TRUE
user_774,Raipur,43,Female,Tamil,Low,TRUE
user_775,Coimbatore,34,Male,Tamil,Medium,TRUE
user_776,Surat,24,Male,Bengali,Low,TRUE
user_777,Surat,40,Male,Marathi,Medium,TRUE
user_778,Raipur,49,Male,Kannada,Low,TRUE
user_779,Surat,49,Male,Bengali,High,TRUE
user_780,Coimbatore,37,Female,Tamil,Medium,TRUE
user_781,Coimbatore,32,Other,Marathi,High,TRUE
user_782,Raipur,30,Other,Tamil,Medium,TRUE
user_783,Coimbatore,45,Female,Marathi,Low,TRUE
user_784,Guwahati,19,Other,Marathi,Low,TRUE
user_785,Indore,45,Other,Bengali,Medium,FALSE
user_786,Varanasi,36,Other,Bengali,Medium,TRUE
user_787,Guwahati,41,Female,Bengali,Medium,TRUE
user_788,Guwahati,30,Female,Marathi,Low,FALSE
user_789,Surat,41,Other,Marathi,Medium,TRUE
user_790,Indore,28,Other,Tamil,Medium,TRUE
user_791,Raipur,44,Other,Gujarati,High,TRUE
user_792,Surat,39,Male,Bengali,Medium,TRUE
user_793,Indore,32,Male,Odia,High,TRUE
user_794,Coimbatore,27,Male,Tamil,High,TRUE
user_795,Raipur,26,Female,Tamil,High,TRUE
user_796,Raipur,44,Other,Hindi,Low,TRUE
user_797,Surat,45,Female,Bengali,High,TRUE
user_798,Coimbatore,26,Female,Kannada,Medium,TRUE
user_799,Surat,37,Female,Tamil,Low,TRUE
user_800,Patna,49,Other,Hindi,Low,TRUE
user_801,Indore,45,Male,Odia,Low,TRUE
user_802,Patna,18,Other,Odia,Low,TRUE
user_803,Indore,34,Other,Kannada,Low,TRUE
user_804,Varanasi,48,Female,Bengali,Low,TRUE
user_805,Guwahati,29,Female,Marathi,Low,TRUE
user_806,Raipur,27,Female,Hindi,High,FALSE
user_807,Surat,48,Male,Marathi,Medium,TRUE
user_808,Varanasi,22,Male,Odia,Medium,TRUE
user_809,Varanasi,47,Male,Odia,High,TRUE
user_810,Raipur,46,Other,Gujarati,High,TRUE
user_811,Raipur,35,Female,Gujarati,Low,TRUE
user_812,Indore,32,Other,Kannada,Low,TRUE
user_813,Patna,23,Male,Gujarati,High,FALSE
user_814,Coimbatore,24,Female,Gujarati,Low,TRUE
user_815,Indore,34,Male,Kannada,Medium,TRUE
user_816,Coimbatore,23,Female,Tamil,Medium,TRUE
user_817,Varanasi,25,Female,Gujarati,Low,FALSE
user_818,Coimbatore,29,Other,Tamil,Low,TRUE
user_819,Patna,38,Other,Tamil,Low,TRUE
user_820,Indore,31,Male,Bengali,Medium,TRUE
user_821,Raipur,29,Other,Tamil,Low,TRUE
user_822,Patna,40,Other,Tamil,High,TRUE
user_823,Guwahati,27,Other,Gujarati,Low,FALSE
user_824,Patna,39,Female,Tamil,High,TRUE
user_825,Guwahati,37,Other,Marathi,Low,TRUE
user_826,Indore,32,Male,Kannada,Low,TRUE
user_827,Raipur,48,Female,Gujarati,Medium,TRUE
user_828,Patna,24,Female,Kannada,High,TRUE
user_829,Guwahati,43,Other,Hindi,High,FALSE
user_830,Raipur,26,Female,Gujarati,High,TRUE
user_831,Surat,27,Male,Tamil,Medium,FALSE
user_832,Surat,27,Male,Marathi,High,TRUE
user_833,Surat,33,Female,Kannada,Medium,TRUE
user_834,Coimbatore,46,Other,Gujarati,Low,TRUE
user_835,Patna,24,Other,Marathi,Low,TRUE
user_836,Indore,45,Female,Kannada,High,TRUE
user_837,Indore,47,Male,Hindi,Low,TRUE
user_838,Coimbatore,22,Female,Odia,Low,TRUE
user_839,Indore,40,Other,Hindi,High,TRUE
user_840,Guwahati,20,Other,Odia,Low,FALSE
user_841,Surat,35,Female,Bengali,High,TRUE
user_842,Patna,28,Male,Odia,High,FALSE
user_843,Indore,32,Female,Bengali,Low,TRUE
user_844,Indore,38,Male,Gujarati,Low,TRUE
user_845,Varanasi,37,Male,Bengali,Low,TRUE
user_846,Varanasi,22,Female,Marathi,Low,TRUE
user_847,Varanasi,41,Female,Bengali,Low,TRUE
user_848,Patna,29,Male,Marathi,Medium,TRUE
user_849,Surat,21,Male,Kannada,Low,TRUE
user_850,Raipur,32,Male,Kannada,Medium,TRUE
user_851,Surat,26,Male,Odia,High,TRUE
user_852,Surat,24,Other,Odia,Low,TRUE
user_853,Patna,27,Female,Odia,Low,TRUE
user_854,Guwahati,46,Male,Bengali,Low,TRUE
user_855,Guwahati,45,Female,Odia,High,TRUE
user_856,Patna,40,Male,Bengali,Medium,TRUE
user_857,Varanasi,48,Female,Bengali,Medium,TRUE
user_858,Indore,30,Female,Tamil,Low,TRUE
user_859,Coimbatore,46,Male,Tamil,Low,TRUE
user_860,Coimbatore,25,Male,Bengali,Low,TRUE
user_861,Raipur,29,Female,Kannada,Low,TRUE
user_862,Indore,39,Female,Marathi,High,TRUE
user_863,Raipur,41,Female,Gujarati,Low,TRUE
user_864,Varanasi,36,Other,Hindi,High,TRUE
user_865,Raipur,43,Male,Tamil,Low,TRUE
user_866,Indore,43,Other,Bengali,Medium,TRUE
user_867,Indore,47,Other,Hindi,Medium,TRUE
user_868,Coimbatore,18,Male,Tamil,Low,TRUE
user_869,Guwahati,33,Male,Gujarati,Low,TRUE
user_870,Varanasi,39,Other,Marathi,High,TRUE
user_871,Patna,34,Male,Bengali,Low,TRUE
user_872,Raipur,42,Female,Gujarati,Low,TRUE
user_873,Coimbatore,47,Female,Kannada,Low,FALSE
user_874,Raipur,35,Other,Tamil,Medium,FALSE
user_875,Raipur,28,Other,Bengali,High,TRUE
user_876,Patna,35,Male,Hindi,Medium,TRUE
user_877,Varanasi,24,Male,Kannada,High,TRUE
user_878,Indore,35,Other,Kannada,Medium,TRUE
user_879,Surat,43,Other,Odia,Low,TRUE
user_880,Raipur,25,Female,Marathi,Medium,FALSE
user_881,Surat,23,Female,Kannada,Medium,TRUE
user_882,Varanasi,47,Male,Tamil,High,TRUE
user_883,Surat,24,Female,Marathi,High,TRUE
user_884,Raipur,40,Male,Bengali,Medium,TRUE
user_885,Patna,49,Male,Odia,High,FALSE
user_886,Surat,39,Male,Gujarati,High,FALSE
user_887,Varanasi,27,Female,Marathi,High,TRUE
user_888,Varanasi,28,Other,Hindi,High,TRUE
user_889,Guwahati,42,Other,Tamil,High,TRUE
user_890,Guwahati,30,Female,Hindi,Medium,TRUE
user_891,Patna,26,Other,Marathi,High,TRUE
user_892,Surat,48,Male,Odia,Low,TRUE
user_893,Surat,24,Other,Gujarati,Medium,TRUE
user_894,Guwahati,26,Female,Gujarati,Medium,TRUE
user_895,Indore,30,Other,Hindi,Medium,TRUE
user_896,Coimbatore,43,Male,Bengali,High,TRUE
user_897,Varanasi,20,Male,Bengali,Low,FALSE
user_898,Indore,20,Female,Odia,High,FALSE
user_899,Varanasi,18,Female,Gujarati,Medium,FALSE
user_900,Indore,38,Female,Hindi,Medium,TRUE
user_901,Guwahati,49,Male,Hindi,Medium,TRUE
user_902,Guwahati,48,Other,Hindi,Medium,TRUE
user_903,Coimbatore,37,Other,Marathi,High,TRUE
user_904,Indore,19,Female,Odia,Low,TRUE
user_905,Varanasi,49,Other,Bengali,Low,TRUE
user_906,Surat,42,Other,Bengali,Medium,TRUE
user_907,Varanasi,20,Female,Marathi,Low,FALSE
user_908,Raipur,32,Female,Tamil,Medium,TRUE
user_909,Guwahati,41,Male,Marathi,Medium,TRUE
user_910,Patna,49,Male,Odia,Low,TRUE
user_911,Patna,23,Male,Hindi,Medium,TRUE
user_912,Guwahati,47,Male,Marathi,Low,FALSE
user_913,Raipur,30,Other,Hindi,Medium,TRUE
user_914,Patna,38,Other,Odia,Low,FALSE
user_915,Guwahati,18,Male,Kannada,Medium,TRUE
user_916,Patna,49,Male,Odia,Low,TRUE
user_917,Guwahati,37,Female,Gujarati,Medium,TRUE
user_918,Coimbatore,36,Other,Hindi,Medium,TRUE
user_919,Surat,18,Other,Bengali,Medium,TRUE
user_920,Surat,45,Male,Marathi,Low,TRUE
user_921,Varanasi,48,Other,Kannada,High,TRUE
user_922,Raipur,38,Female,Odia,Medium,TRUE
user_923,Guwahati,39,Female,Hindi,Medium,TRUE
user_924,Indore,19,Other,Kannada,Low,FALSE
user_925,Varanasi,49,Male,Tamil,Medium,TRUE
user_926,Varanasi,32,Other,Gujarati,Medium,TRUE
user_927,Guwahati,31,Female,Tamil,Medium,TRUE
user_928,Guwahati,36,Male,Odia,Medium,FALSE
user_929,Varanasi,28,Other,Tamil,High,FALSE
user_930,Varanasi,47,Male,Tamil,High,TRUE
user_931,Surat,32,Male,Gujarati,Medium,TRUE
user_932,Indore,23,Female,Gujarati,Medium,TRUE
user_933,Varanasi,37,Male,Gujarati,Medium,FALSE
user_934,Surat,26,Other,Kannada,High,FALSE
user_935,Varanasi,22,Male,Gujarati,High,FALSE
user_936,Patna,37,Male,Tamil,Low,TRUE
user_937,Varanasi,19,Other,Bengali,Low,TRUE
user_938,Guwahati,23,Female,Bengali,Medium,FALSE
user_939,Raipur,43,Female,Gujarati,Medium,TRUE
user_940,Raipur,35,Other,Kannada,High,TRUE
user_941,Varanasi,45,Other,Marathi,Medium,TRUE
user_942,Coimbatore,46,Female,Hindi,Medium,FALSE
user_943,Patna,40,Male,Odia,High,TRUE
user_944,Indore,36,Other,Kannada,High,TRUE
user_945,Varanasi,26,Male,Marathi,High,TRUE
user_946,Indore,49,Other,Odia,High,TRUE
user_947,Patna,44,Female,Marathi,Low,TRUE
user_948,Varanasi,38,Male,Marathi,High,TRUE
user_949,Coimbatore,41,Male,Bengali,High,TRUE
user_950,Surat,44,Other,Hindi,Medium,TRUE
user_951,Coimbatore,23,Male,Marathi,Medium,FALSE
user_952,Guwahati,31,Other,Gujarati,Medium,TRUE
user_953,Coimbatore,45,Female,Odia,Low,TRUE
user_954,Surat,43,Male,Kannada,High,FALSE
user_955,Guwahati,41,Other,Bengali,High,TRUE
user_956,Surat,46,Male,Odia,Low,TRUE
user_957,Raipur,30,Other,Gujarati,High,TRUE
user_958,Surat,28,Other,Gujarati,Medium,TRUE
user_959,Varanasi,29,Other,Marathi,Low,TRUE
user_960,Indore,36,Female,Gujarati,High,TRUE
user_961,Raipur,36,Male,Hindi,Low,TRUE
user_962,Raipur,38,Female,Gujarati,Low,TRUE
user_963,Indore,44,Other,Marathi,High,TRUE
user_964,Raipur,43,Other,Odia,Medium,TRUE
user_965,Surat,36,Female,Gujarati,High,TRUE
user_966,Coimbatore,41,Female,Bengali,High,TRUE
user_967,Patna,43,Male,Kannada,Medium,TRUE
user_968,Surat,30,Other,Bengali,High,TRUE
user_969,Guwahati,45,Female,Bengali,High,TRUE
user_970,Guwahati,31,Other,Odia,High,TRUE
user_971,Coimbatore,41,Other,Tamil,Low,FALSE
user_972,Coimbatore,35,Male,Kannada,Low,FALSE
user_973,Raipur,29,Male,Bengali,Low,TRUE
user_974,Varanasi,21,Male,Bengali,High,TRUE
user_975,Varanasi,27,Female,Tamil,Medium,TRUE
user_976,Raipur,46,Other,Odia,Low,FALSE
user_977,Raipur,34,Female,Kannada,Medium,TRUE
user_978,Indore,21,Female,Bengali,High,TRUE
user_979,Indore,29,Male,Marathi,Low,TRUE
user_980,Patna,30,Other,Odia,High,TRUE
user_981,Patna,46,Other,Kannada,Medium,FALSE
user_982,Patna,44,Male,Bengali,Low,TRUE
user_983,Patna,46,Other,Bengali,Low,TRUE
user_984,Coimbatore,21,Male,Tamil,Low,TRUE
user_985,Coimbatore,27,Female,Kannada,Low,TRUE
user_986,Indore,42,Female,Marathi,Medium,TRUE
user_987,Varanasi,48,Male,Odia,Low,TRUE
user_988,Raipur,20,Female,Gujarati,High,TRUE
user_989,Guwahati,32,Female,Hindi,Low,TRUE
user_990,Varanasi,19,Male,Marathi,Medium,TRUE
user_991,Surat,42,Female,Gujarati,Low,TRUE
user_992,Coimbatore,42,Other,Marathi,Medium,TRUE
user_993,Patna,34,Female,Kannada,Medium,TRUE
user_994,Patna,23,Male,Gujarati,High,TRUE
user_995,Surat,43,Other,Kannada,Low,TRUE
user_996,Varanasi,25,Other,Gujarati,Low,TRUE
user_997,Patna,20,Female,Marathi,Low,TRUE
user_998,Varanasi,44,Other,Tamil,High,TRUE
user_999,Raipur,42,Male,Marathi,High,TRUE
user_1000,Surat,35,Other,Kannada,Medium,TRUE
